sku,opc,queue_id,state_when_reported
982211343681,,,Awaiting OnBuy go-live (created earlier - listing not yet up
984617420171,PXJKMKQ,,Awaiting OnBuy go-live (created earlier - listing not yet up
698604772470,,,Awaiting OnBuy go-live (created earlier - listing not yet up
698909433267,,,Awaiting OnBuy go-live (created earlier - listing not yet up
699550973119,,,Awaiting OnBuy go-live (created earlier - listing not yet up
703123011372,,,Awaiting OnBuy go-live (created earlier - listing not yet up
708851387102,,,Awaiting OnBuy go-live (created earlier - listing not yet up
710289245572,,,Awaiting OnBuy go-live (created earlier - listing not yet up
712349796833,,,Awaiting OnBuy go-live (created earlier - listing not yet up
713586271046,,,Awaiting OnBuy go-live (created earlier - listing not yet up
714950615664,,,Awaiting OnBuy go-live (created earlier - listing not yet up
715666733697,,,Awaiting OnBuy go-live (created earlier - listing not yet up
717759482451,,,Awaiting OnBuy go-live (created earlier - listing not yet up
719011225950,,,Awaiting OnBuy go-live (created earlier - listing not yet up
722135457107,,,Awaiting OnBuy go-live (created earlier - listing not yet up
603463946627,PXPGH6X,,Awaiting OnBuy go-live (created earlier - listing not yet up
678936996898,PXMNJYB,,Awaiting OnBuy go-live (created earlier - listing not yet up
389238151556,PXPGH7B,,Awaiting OnBuy go-live (created earlier - listing not yet up
662599982725,PXPGH7M,,Awaiting OnBuy go-live (created earlier - listing not yet up
901229905575,PXMNJZW,,Awaiting OnBuy go-live (created earlier - listing not yet up
843534195824,PXVJPJW,,Awaiting OnBuy go-live (created earlier - listing not yet up
723500644832,PXP6J8C,,Awaiting OnBuy go-live (created earlier - listing not yet up
801111700946,PXK7M5H,,Awaiting OnBuy go-live (created earlier - listing not yet up
833669572485,PXP6J92,,Awaiting OnBuy go-live (created earlier - listing not yet up
677205810262,PXVHDQK,,Awaiting OnBuy go-live (created earlier - listing not yet up
439692261510,PXP6JFY,,Awaiting OnBuy go-live (created earlier - listing not yet up
377953688679,,,Awaiting OnBuy go-live (created earlier - listing not yet up
343687394773,PXP6KN2,,Awaiting OnBuy go-live (created earlier - listing not yet up
255281356906,PXP6KV6,,Awaiting OnBuy go-live (created earlier - listing not yet up
819726716566,PXP6KVW,,Synced
737229032955,PXP6KVZ,,Awaiting OnBuy go-live (created earlier - listing not yet up
209135205353,PXP6KW8,,Awaiting OnBuy go-live (created earlier - listing not yet up
714990257176,PXP6KZH,,Awaiting OnBuy go-live (created earlier - listing not yet up
178044686556,PXPD6HV,,Awaiting OnBuy go-live (created earlier - listing not yet up
244807722363,PXPD6K8,,Awaiting OnBuy go-live (created earlier - listing not yet up
185837679633,PXPPQVF,,Awaiting OnBuy go-live (created earlier - listing not yet up
193036826772,,,Awaiting OnBuy go-live (created earlier - listing not yet up
199062071469,,,Awaiting OnBuy go-live (created earlier - listing not yet up
209609110381,,,Awaiting OnBuy go-live (created earlier - listing not yet up
209690241469,,,Awaiting OnBuy go-live (created earlier - listing not yet up
211471179182,,,Awaiting OnBuy go-live (created earlier - listing not yet up
211562471447,,,Awaiting OnBuy go-live (created earlier - listing not yet up
973000011294,,,Awaiting OnBuy go-live (created earlier - listing not yet up
973000011300,,,Awaiting OnBuy go-live (created earlier - listing not yet up
973000011317,,,Awaiting OnBuy go-live (created earlier - listing not yet up
973000011324,,,Awaiting OnBuy go-live (created earlier - listing not yet up
973000011331,,,Awaiting OnBuy go-live (created earlier - listing not yet up
973000011362,,,Awaiting OnBuy go-live (created earlier - listing not yet up
973000011379,,,Awaiting OnBuy go-live (created earlier - listing not yet up
973000011386,,,Awaiting OnBuy go-live (created earlier - listing not yet up
973000011393,,,Awaiting OnBuy go-live (created earlier - listing not yet up
973000011409,,,Awaiting OnBuy go-live (created earlier - listing not yet up
973000011416,,,Awaiting OnBuy go-live (created earlier - listing not yet up
973000011423,,,Awaiting OnBuy go-live (created earlier - listing not yet up
973000011447,,,Awaiting OnBuy go-live (created earlier - listing not yet up
973000011461,,,Awaiting OnBuy go-live (created earlier - listing not yet up
973000011478,,,Awaiting OnBuy go-live (created earlier - listing not yet up
973000011492,,,Awaiting OnBuy go-live (created earlier - listing not yet up
973000011607,,,Awaiting OnBuy go-live (created earlier - listing not yet up
973000011638,,,Awaiting OnBuy go-live (created earlier - listing not yet up
973000011676,,,Awaiting OnBuy go-live (created earlier - listing not yet up
973000011829,,,Awaiting OnBuy go-live (created earlier - listing not yet up
973000011843,,,Awaiting OnBuy go-live (created earlier - listing not yet up
973000012178,,,Awaiting OnBuy go-live (created earlier - listing not yet up
973000012192,,,Awaiting OnBuy go-live (created earlier - listing not yet up
973000012260,,,Awaiting OnBuy go-live (created earlier - listing not yet up
749328404328,,,Awaiting OnBuy go-live (created earlier - listing not yet up
234377099828,,,Awaiting OnBuy go-live (created earlier - listing not yet up
263941596753,,,Awaiting OnBuy go-live (created earlier - listing not yet up
589436122857,,,Awaiting OnBuy go-live (created earlier - listing not yet up
392684175731,,,Awaiting OnBuy go-live (created earlier - listing not yet up
590873846220,,,Awaiting OnBuy go-live (created earlier - listing not yet up
176239845627,,,Awaiting OnBuy go-live (created earlier - listing not yet up
593481764214,,,Awaiting OnBuy go-live (created earlier - listing not yet up
624819357140,,,Awaiting OnBuy go-live (created earlier - listing not yet up
847163925081,,,Awaiting OnBuy go-live (created earlier - listing not yet up
572813460192,,,Awaiting OnBuy go-live (created earlier - listing not yet up
0195673842566,,,Awaiting OnBuy go-live (created earlier - listing not yet up
526794318409,,,Awaiting OnBuy go-live (created earlier - listing not yet up
181682661182,,,Awaiting OnBuy go-live (created earlier - listing not yet up
184077355406,,,Awaiting OnBuy go-live (created earlier - listing not yet up
204552571326,,,Awaiting OnBuy go-live (created earlier - listing not yet up
216942076007,,,Awaiting OnBuy go-live (created earlier - listing not yet up
236216728326,,,Awaiting OnBuy go-live (created earlier - listing not yet up
383460173423,,,Awaiting OnBuy go-live (created earlier - listing not yet up
401655029345,,,Awaiting OnBuy go-live (created earlier - listing not yet up
410889107125,,,Awaiting OnBuy go-live (created earlier - listing not yet up
411634072958,,,Awaiting OnBuy go-live (created earlier - listing not yet up
414436486442,,,Awaiting OnBuy go-live (created earlier - listing not yet up
414725578124,,,Awaiting OnBuy go-live (created earlier - listing not yet up
415564673506,,,Awaiting OnBuy go-live (created earlier - listing not yet up
422889993226,,,Awaiting OnBuy go-live (created earlier - listing not yet up
103061903904,,,Awaiting OnBuy go-live (created earlier - listing not yet up
103147084787,,,Awaiting OnBuy go-live (created earlier - listing not yet up
103201763986,,,Synced
103233725143,,,Awaiting OnBuy go-live (created earlier - listing not yet up
103308568828,,,Awaiting OnBuy go-live (created earlier - listing not yet up
103372224163,,,Awaiting OnBuy go-live (created earlier - listing not yet up
103433753311,,,Awaiting OnBuy go-live (created earlier - listing not yet up
103458764446,,,Awaiting OnBuy go-live (created earlier - listing not yet up
103568604403,,,Awaiting OnBuy go-live (created earlier - listing not yet up
103617578938,,,Awaiting OnBuy go-live (created earlier - listing not yet up
103644241669,,,Awaiting OnBuy go-live (created earlier - listing not yet up
103692125768,,,Awaiting OnBuy go-live (created earlier - listing not yet up
103781085157,,,Awaiting OnBuy go-live (created earlier - listing not yet up
103873279815,,,Awaiting OnBuy go-live (created earlier - listing not yet up
103885692695,,,Awaiting OnBuy go-live (created earlier - listing not yet up
103982297526,,,Awaiting OnBuy go-live (created earlier - listing not yet up
103992793803,,,Awaiting OnBuy go-live (created earlier - listing not yet up
104034286789,,,Awaiting OnBuy go-live (created earlier - listing not yet up
104104669870,,,Awaiting OnBuy go-live (created earlier - listing not yet up
104363209237,,,Awaiting OnBuy go-live (created earlier - listing not yet up
104428410455,,,Awaiting OnBuy go-live (created earlier - listing not yet up
104437585373,,,Awaiting OnBuy go-live (created earlier - listing not yet up
104514458866,,,Awaiting OnBuy go-live (created earlier - listing not yet up
104634319214,,,Awaiting OnBuy go-live (created earlier - listing not yet up
104683741509,,,Awaiting OnBuy go-live (created earlier - listing not yet up
104697993994,,,Awaiting OnBuy go-live (created earlier - listing not yet up
104718783115,,,Awaiting OnBuy go-live (created earlier - listing not yet up
104771756521,,,Awaiting OnBuy go-live (created earlier - listing not yet up
104825946144,,,Awaiting OnBuy go-live (created earlier - listing not yet up
104904023957,,,Awaiting OnBuy go-live (created earlier - listing not yet up
105105058526,,,Awaiting OnBuy go-live (created earlier - listing not yet up
105113698448,,,Awaiting OnBuy go-live (created earlier - listing not yet up
105160974113,,,Awaiting OnBuy go-live (created earlier - listing not yet up
105194738149,,,Awaiting OnBuy go-live (created earlier - listing not yet up
105226325323,,,Awaiting OnBuy go-live (created earlier - listing not yet up
105305323509,,,Awaiting OnBuy go-live (created earlier - listing not yet up
105367956523,,,Awaiting OnBuy go-live (created earlier - listing not yet up
105372916314,,,Awaiting OnBuy go-live (created earlier - listing not yet up
105462685182,,,Awaiting OnBuy go-live (created earlier - listing not yet up
105480403072,,,Awaiting OnBuy go-live (created earlier - listing not yet up
105535537219,,,Awaiting OnBuy go-live (created earlier - listing not yet up
105575177451,,,Awaiting OnBuy go-live (created earlier - listing not yet up
105575929722,,,Awaiting OnBuy go-live (created earlier - listing not yet up
105651299305,,,Awaiting OnBuy go-live (created earlier - listing not yet up
105872901223,,,Awaiting OnBuy go-live (created earlier - listing not yet up
105879305529,,,Awaiting OnBuy go-live (created earlier - listing not yet up
105905261621,,,Awaiting OnBuy go-live (created earlier - listing not yet up
105936249124,,,Awaiting OnBuy go-live (created earlier - listing not yet up
106048918892,,,Awaiting OnBuy go-live (created earlier - listing not yet up
106071200667,,,Awaiting OnBuy go-live (created earlier - listing not yet up
106115852784,,,Awaiting OnBuy go-live (created earlier - listing not yet up
106117005195,,,Awaiting OnBuy go-live (created earlier - listing not yet up
106136792250,,,Awaiting OnBuy go-live (created earlier - listing not yet up
106173442347,,,Awaiting OnBuy go-live (created earlier - listing not yet up
106201321804,,,Awaiting OnBuy go-live (created earlier - listing not yet up
106224771983,,,Awaiting OnBuy go-live (created earlier - listing not yet up
106230262024,,,Awaiting OnBuy go-live (created earlier - listing not yet up
106283323345,,,Awaiting OnBuy go-live (created earlier - listing not yet up
106297115691,,,Awaiting OnBuy go-live (created earlier - listing not yet up
106337815024,,,Awaiting OnBuy go-live (created earlier - listing not yet up
106341492327,,,Awaiting OnBuy go-live (created earlier - listing not yet up
106342470607,,,Awaiting OnBuy go-live (created earlier - listing not yet up
106354517949,,,Awaiting OnBuy go-live (created earlier - listing not yet up
106359963291,,,Awaiting OnBuy go-live (created earlier - listing not yet up
106366351357,,,Awaiting OnBuy go-live (created earlier - listing not yet up
106393375869,,,Awaiting OnBuy go-live (created earlier - listing not yet up
106410246844,,,Awaiting OnBuy go-live (created earlier - listing not yet up
106470756093,,,Awaiting OnBuy go-live (created earlier - listing not yet up
106526318930,,,Awaiting OnBuy go-live (created earlier - listing not yet up
106553714897,,,Awaiting OnBuy go-live (created earlier - listing not yet up
106557676573,,,Awaiting OnBuy go-live (created earlier - listing not yet up
106636188997,,,Awaiting OnBuy go-live (created earlier - listing not yet up
106674895093,,,Awaiting OnBuy go-live (created earlier - listing not yet up
106716662379,,,Awaiting OnBuy go-live (created earlier - listing not yet up
106787493445,,,Awaiting OnBuy go-live (created earlier - listing not yet up
106930889934,,,Awaiting OnBuy go-live (created earlier - listing not yet up
106959653448,,,Awaiting OnBuy go-live (created earlier - listing not yet up
106959796350,,,Awaiting OnBuy go-live (created earlier - listing not yet up
106964155524,,,Awaiting OnBuy go-live (created earlier - listing not yet up
106979142847,,,Awaiting OnBuy go-live (created earlier - listing not yet up
107114155425,,,Awaiting OnBuy go-live (created earlier - listing not yet up
107115846841,,,Awaiting OnBuy go-live (created earlier - listing not yet up
107165454997,,,Awaiting OnBuy go-live (created earlier - listing not yet up
107188945953,,,Awaiting OnBuy go-live (created earlier - listing not yet up
107223471249,,,Awaiting OnBuy go-live (created earlier - listing not yet up
107259339100,,,Awaiting OnBuy go-live (created earlier - listing not yet up
107359820232,,,Awaiting OnBuy go-live (created earlier - listing not yet up
107456714267,,,Awaiting OnBuy go-live (created earlier - listing not yet up
107534800950,,,Awaiting OnBuy go-live (created earlier - listing not yet up
107605146178,,,Awaiting OnBuy go-live (created earlier - listing not yet up
107611370918,,,Awaiting OnBuy go-live (created earlier - listing not yet up
107660736420,,,Awaiting OnBuy go-live (created earlier - listing not yet up
107730539463,,,Awaiting OnBuy go-live (created earlier - listing not yet up
107748765786,,,Awaiting OnBuy go-live (created earlier - listing not yet up
107789522782,,,Awaiting OnBuy go-live (created earlier - listing not yet up
107796530343,,,Awaiting OnBuy go-live (created earlier - listing not yet up
107799103483,,,Awaiting OnBuy go-live (created earlier - listing not yet up
107812931703,,,Awaiting OnBuy go-live (created earlier - listing not yet up
107891785655,,,Awaiting OnBuy go-live (created earlier - listing not yet up
107953022001,,,Awaiting OnBuy go-live (created earlier - listing not yet up
107953410273,,,Awaiting OnBuy go-live (created earlier - listing not yet up
108043604084,,,Awaiting OnBuy go-live (created earlier - listing not yet up
108075434345,,,Awaiting OnBuy go-live (created earlier - listing not yet up
108125109353,,,Awaiting OnBuy go-live (created earlier - listing not yet up
108153541002,,,Awaiting OnBuy go-live (created earlier - listing not yet up
108154979071,,,Awaiting OnBuy go-live (created earlier - listing not yet up
108211992470,,,Awaiting OnBuy go-live (created earlier - listing not yet up
108215109201,,,Awaiting OnBuy go-live (created earlier - listing not yet up
108219154252,,,Awaiting OnBuy go-live (created earlier - listing not yet up
108223318084,,,Awaiting OnBuy go-live (created earlier - listing not yet up
108223774255,,,Awaiting OnBuy go-live (created earlier - listing not yet up
108334899038,,,Awaiting OnBuy go-live (created earlier - listing not yet up
108419435519,,,Awaiting OnBuy go-live (created earlier - listing not yet up
108420726613,,,Awaiting OnBuy go-live (created earlier - listing not yet up
108463482132,,,Awaiting OnBuy go-live (created earlier - listing not yet up
108465079033,,,Awaiting OnBuy go-live (created earlier - listing not yet up
108467404963,,,Awaiting OnBuy go-live (created earlier - listing not yet up
108516243734,,,Awaiting OnBuy go-live (created earlier - listing not yet up
108552516687,,,Awaiting OnBuy go-live (created earlier - listing not yet up
108552667372,,,Awaiting OnBuy go-live (created earlier - listing not yet up
108553197762,,,Awaiting OnBuy go-live (created earlier - listing not yet up
108644686120,,,Awaiting OnBuy go-live (created earlier - listing not yet up
108715637273,,,Awaiting OnBuy go-live (created earlier - listing not yet up
108768683050,,,Awaiting OnBuy go-live (created earlier - listing not yet up
108829235518,,,Awaiting OnBuy go-live (created earlier - listing not yet up
108838239552,,,Awaiting OnBuy go-live (created earlier - listing not yet up
108871873812,,,Awaiting OnBuy go-live (created earlier - listing not yet up
108872088949,,,Awaiting OnBuy go-live (created earlier - listing not yet up
108902515940,,,Awaiting OnBuy go-live (created earlier - listing not yet up
108918649257,,,Awaiting OnBuy go-live (created earlier - listing not yet up
109026308210,,,Awaiting OnBuy go-live (created earlier - listing not yet up
109075226619,,,Awaiting OnBuy go-live (created earlier - listing not yet up
109134454441,,,Awaiting OnBuy go-live (created earlier - listing not yet up
109135778966,,,Awaiting OnBuy go-live (created earlier - listing not yet up
109157333860,,,Awaiting OnBuy go-live (created earlier - listing not yet up
109238427082,,,Awaiting OnBuy go-live (created earlier - listing not yet up
109247769739,,,Awaiting OnBuy go-live (created earlier - listing not yet up
109310832568,,,Awaiting OnBuy go-live (created earlier - listing not yet up
109325782117,,,Awaiting OnBuy go-live (created earlier - listing not yet up
109345686808,,,Awaiting OnBuy go-live (created earlier - listing not yet up
109346516739,,,Awaiting OnBuy go-live (created earlier - listing not yet up
109396009250,,,Awaiting OnBuy go-live (created earlier - listing not yet up
109455348467,,,Awaiting OnBuy go-live (created earlier - listing not yet up
109505590891,,,Awaiting OnBuy go-live (created earlier - listing not yet up
109547072348,,,Awaiting OnBuy go-live (created earlier - listing not yet up
109553377475,,,Awaiting OnBuy go-live (created earlier - listing not yet up
109566647114,,,Awaiting OnBuy go-live (created earlier - listing not yet up
109581290982,,,Synced
109596496416,,,Awaiting OnBuy go-live (created earlier - listing not yet up
109615182047,,,Awaiting OnBuy go-live (created earlier - listing not yet up
109668420059,,,Awaiting OnBuy go-live (created earlier - listing not yet up
109738830696,,,Awaiting OnBuy go-live (created earlier - listing not yet up
109751217023,,,Awaiting OnBuy go-live (created earlier - listing not yet up
109757261471,,,Awaiting OnBuy go-live (created earlier - listing not yet up
109765913904,,,Awaiting OnBuy go-live (created earlier - listing not yet up
109776777427,,,Awaiting OnBuy go-live (created earlier - listing not yet up
109887197718,,,Awaiting OnBuy go-live (created earlier - listing not yet up
109989156903,,,Awaiting OnBuy go-live (created earlier - listing not yet up
110049952953,,,Awaiting OnBuy go-live (created earlier - listing not yet up
110081092532,,,Awaiting OnBuy go-live (created earlier - listing not yet up
110147702665,,,Awaiting OnBuy go-live (created earlier - listing not yet up
110161484271,,,Synced
110269573273,,,Awaiting OnBuy go-live (created earlier - listing not yet up
110319211322,,,Awaiting OnBuy go-live (created earlier - listing not yet up
112128601011,,,Synced
112161534246,,,Awaiting OnBuy go-live (created earlier - listing not yet up
112491841274,,,Awaiting OnBuy go-live (created earlier - listing not yet up
112549404994,,,Awaiting OnBuy go-live (created earlier - listing not yet up
112576770567,,,Awaiting OnBuy go-live (created earlier - listing not yet up
112609021260,,,Awaiting OnBuy go-live (created earlier - listing not yet up
112683537084,,,Awaiting OnBuy go-live (created earlier - listing not yet up
112746847730,,,Awaiting OnBuy go-live (created earlier - listing not yet up
112776092582,,,Awaiting OnBuy go-live (created earlier - listing not yet up
112816974250,,,Synced
112824621702,,,Awaiting OnBuy go-live (created earlier - listing not yet up
112854310034,,,Awaiting OnBuy go-live (created earlier - listing not yet up
112902731613,,,Awaiting OnBuy go-live (created earlier - listing not yet up
112919130577,,,Awaiting OnBuy go-live (created earlier - listing not yet up
112927003931,,,Awaiting OnBuy go-live (created earlier - listing not yet up
112963534307,,,Awaiting OnBuy go-live (created earlier - listing not yet up
112984425110,,,Awaiting OnBuy go-live (created earlier - listing not yet up
112997705766,,,Awaiting OnBuy go-live (created earlier - listing not yet up
112998218906,,,Synced
113096047689,,,Awaiting OnBuy go-live (created earlier - listing not yet up
113137344302,,,Awaiting OnBuy go-live (created earlier - listing not yet up
113155940951,,,Awaiting OnBuy go-live (created earlier - listing not yet up
113162927297,,,Awaiting OnBuy go-live (created earlier - listing not yet up
113222033487,,,Awaiting OnBuy go-live (created earlier - listing not yet up
113226883521,,,Awaiting OnBuy go-live (created earlier - listing not yet up
113250635974,,,Awaiting OnBuy go-live (created earlier - listing not yet up
113282786293,,,Awaiting OnBuy go-live (created earlier - listing not yet up
113367426953,,,Awaiting OnBuy go-live (created earlier - listing not yet up
113405664033,,,Awaiting OnBuy go-live (created earlier - listing not yet up
113463868565,,,Awaiting OnBuy go-live (created earlier - listing not yet up
113464850804,,,Awaiting OnBuy go-live (created earlier - listing not yet up
113539098537,,,Awaiting OnBuy go-live (created earlier - listing not yet up
113572029840,,,Awaiting OnBuy go-live (created earlier - listing not yet up
113603757438,,,Awaiting OnBuy go-live (created earlier - listing not yet up
113633151848,,,Awaiting OnBuy go-live (created earlier - listing not yet up
113651755264,,,Awaiting OnBuy go-live (created earlier - listing not yet up
113765665404,,,Awaiting OnBuy go-live (created earlier - listing not yet up
113787713367,,,Awaiting OnBuy go-live (created earlier - listing not yet up
113868546327,,,Awaiting OnBuy go-live (created earlier - listing not yet up
113962161785,,,Synced
114152852216,,,Awaiting OnBuy go-live (created earlier - listing not yet up
114171318083,,,Synced
114191924400,,,Awaiting OnBuy go-live (created earlier - listing not yet up
114221515165,,,Awaiting OnBuy go-live (created earlier - listing not yet up
114260351212,,,Awaiting OnBuy go-live (created earlier - listing not yet up
102505435322,,,Awaiting OnBuy go-live (created earlier - listing not yet up
103531959646,,,Awaiting OnBuy go-live (created earlier - listing not yet up
103671801676,,,Awaiting OnBuy go-live (created earlier - listing not yet up
103722022159,,,Awaiting OnBuy go-live (created earlier - listing not yet up
103843267750,,,Awaiting OnBuy go-live (created earlier - listing not yet up
103965670858,,,Awaiting OnBuy go-live (created earlier - listing not yet up
104018649173,,,Awaiting OnBuy go-live (created earlier - listing not yet up
104227061063,,,Awaiting OnBuy go-live (created earlier - listing not yet up
104283887027,,,Synced
104310711387,,,Awaiting OnBuy go-live (created earlier - listing not yet up
104562545211,,,Awaiting OnBuy go-live (created earlier - listing not yet up
104686783896,,,Awaiting OnBuy go-live (created earlier - listing not yet up
104732331903,,,Awaiting OnBuy go-live (created earlier - listing not yet up
104763397794,,,Awaiting OnBuy go-live (created earlier - listing not yet up
105026793209,,,Awaiting OnBuy go-live (created earlier - listing not yet up
105087725416,,,Awaiting OnBuy go-live (created earlier - listing not yet up
105177810800,,,Awaiting OnBuy go-live (created earlier - listing not yet up
105377774421,,,Awaiting OnBuy go-live (created earlier - listing not yet up
105989498821,,,Awaiting OnBuy go-live (created earlier - listing not yet up
106276978460,,,Awaiting OnBuy go-live (created earlier - listing not yet up
106286891001,,,Awaiting OnBuy go-live (created earlier - listing not yet up
106657028203,,,Awaiting OnBuy go-live (created earlier - listing not yet up
107581664970,,,Awaiting OnBuy go-live (created earlier - listing not yet up
107665937150,,,Awaiting OnBuy go-live (created earlier - listing not yet up
107833780700,,,Awaiting OnBuy go-live (created earlier - listing not yet up
116840464596,,,Awaiting OnBuy go-live (created earlier - listing not yet up
117095753213,,,Synced
119464320729,,,Awaiting OnBuy go-live (created earlier - listing not yet up
119593300210,,,Awaiting OnBuy go-live (created earlier - listing not yet up
119602147416,,,Awaiting OnBuy go-live (created earlier - listing not yet up
120395493161,,,Synced
120470519670,,,Synced
120757845485,,,Awaiting OnBuy go-live (created earlier - listing not yet up
123375263969,,,Awaiting OnBuy go-live (created earlier - listing not yet up
123489261684,,,Awaiting OnBuy go-live (created earlier - listing not yet up
123581968214,,,Awaiting OnBuy go-live (created earlier - listing not yet up
123603323922,,,Awaiting OnBuy go-live (created earlier - listing not yet up
123704054268,,,Awaiting OnBuy go-live (created earlier - listing not yet up
123758354925,,,Awaiting OnBuy go-live (created earlier - listing not yet up
123803213061,,,Awaiting OnBuy go-live (created earlier - listing not yet up
124564678960,,,Awaiting OnBuy go-live (created earlier - listing not yet up
125935067802,,,Awaiting OnBuy go-live (created earlier - listing not yet up
114901385668,,,Awaiting OnBuy go-live (created earlier - listing not yet up
100538255184,,,Awaiting OnBuy go-live (created earlier - listing not yet up
101412024544,,,Awaiting OnBuy go-live (created earlier - listing not yet up
102946253578,,,Awaiting OnBuy go-live (created earlier - listing not yet up
103704410134,,,Awaiting OnBuy go-live (created earlier - listing not yet up
104249490803,,,Awaiting OnBuy go-live (created earlier - listing not yet up
105644295512,,,Awaiting OnBuy go-live (created earlier - listing not yet up
114470164572,,,Awaiting OnBuy go-live (created earlier - listing not yet up
114619700463,,,Awaiting OnBuy go-live (created earlier - listing not yet up
115112933358,,,Awaiting OnBuy go-live (created earlier - listing not yet up
115223373753,,,Awaiting OnBuy go-live (created earlier - listing not yet up
116130690308,,,Awaiting OnBuy go-live (created earlier - listing not yet up
116325182335,,,Awaiting OnBuy go-live (created earlier - listing not yet up
116406678009,,,Awaiting OnBuy go-live (created earlier - listing not yet up
116538860358,,,Awaiting OnBuy go-live (created earlier - listing not yet up
117095772856,,,Awaiting OnBuy go-live (created earlier - listing not yet up
117174051520,,,Awaiting OnBuy go-live (created earlier - listing not yet up
117257028357,,,Awaiting OnBuy go-live (created earlier - listing not yet up
118557155118,,,Awaiting OnBuy go-live (created earlier - listing not yet up
118935520156,,,Awaiting OnBuy go-live (created earlier - listing not yet up
118940881396,,,Awaiting OnBuy go-live (created earlier - listing not yet up
119165562435,,,Awaiting OnBuy go-live (created earlier - listing not yet up
120492296467,,,Awaiting OnBuy go-live (created earlier - listing not yet up
120843540607,,,Awaiting OnBuy go-live (created earlier - listing not yet up
122815422713,,,Awaiting OnBuy go-live (created earlier - listing not yet up
123308415779,,,Awaiting OnBuy go-live (created earlier - listing not yet up
123897786960,,,Awaiting OnBuy go-live (created earlier - listing not yet up
124770044719,,,Awaiting OnBuy go-live (created earlier - listing not yet up
125512538343,,,Awaiting OnBuy go-live (created earlier - listing not yet up
125739472147,,,Awaiting OnBuy go-live (created earlier - listing not yet up
125903792675,,,Awaiting OnBuy go-live (created earlier - listing not yet up
126238222790,,,Awaiting OnBuy go-live (created earlier - listing not yet up
127029315165,,,Awaiting OnBuy go-live (created earlier - listing not yet up
128110247082,,,Awaiting OnBuy go-live (created earlier - listing not yet up
128253481220,,,Awaiting OnBuy go-live (created earlier - listing not yet up
128438204293,,,Awaiting OnBuy go-live (created earlier - listing not yet up
128753908371,,,Awaiting OnBuy go-live (created earlier - listing not yet up
129685954047,,,Awaiting OnBuy go-live (created earlier - listing not yet up
129735066256,,,Awaiting OnBuy go-live (created earlier - listing not yet up
129896794111,,,Awaiting OnBuy go-live (created earlier - listing not yet up
130604182007,,,Awaiting OnBuy go-live (created earlier - listing not yet up
131397746094,,,Awaiting OnBuy go-live (created earlier - listing not yet up
132575747803,,,Awaiting OnBuy go-live (created earlier - listing not yet up
133665689553,,,Awaiting OnBuy go-live (created earlier - listing not yet up
136195513459,,,Awaiting OnBuy go-live (created earlier - listing not yet up
136787127606,,,Awaiting OnBuy go-live (created earlier - listing not yet up
136972612801,,,Awaiting OnBuy go-live (created earlier - listing not yet up
137420009044,,,Awaiting OnBuy go-live (created earlier - listing not yet up
137667082244,,,Awaiting OnBuy go-live (created earlier - listing not yet up
138070169850,,,Awaiting OnBuy go-live (created earlier - listing not yet up
138179317848,,,Awaiting OnBuy go-live (created earlier - listing not yet up
138321446242,,,Awaiting OnBuy go-live (created earlier - listing not yet up
139834247463,,,Awaiting OnBuy go-live (created earlier - listing not yet up
141493949497,,,Awaiting OnBuy go-live (created earlier - listing not yet up
142397904001,,,Awaiting OnBuy go-live (created earlier - listing not yet up
143349857475,,,Awaiting OnBuy go-live (created earlier - listing not yet up
146359785875,,,Awaiting OnBuy go-live (created earlier - listing not yet up
147264719207,,,Awaiting OnBuy go-live (created earlier - listing not yet up
148156366479,,,Awaiting OnBuy go-live (created earlier - listing not yet up
148175640468,,,Awaiting OnBuy go-live (created earlier - listing not yet up
148785580314,,,Awaiting OnBuy go-live (created earlier - listing not yet up
149375317761,,,Awaiting OnBuy go-live (created earlier - listing not yet up
149909573779,,,Awaiting OnBuy go-live (created earlier - listing not yet up
149968357419,,,Awaiting OnBuy go-live (created earlier - listing not yet up
150782243086,,,Synced
151043085162,,,Awaiting OnBuy go-live (created earlier - listing not yet up
152187377915,,,Awaiting OnBuy go-live (created earlier - listing not yet up
153526892984,,,Awaiting OnBuy go-live (created earlier - listing not yet up
154349686842,,,Awaiting OnBuy go-live (created earlier - listing not yet up
155509931932,,,Awaiting OnBuy go-live (created earlier - listing not yet up
155752017964,,,Awaiting OnBuy go-live (created earlier - listing not yet up
155757448718,,,Awaiting OnBuy go-live (created earlier - listing not yet up
156617854199,,,Awaiting OnBuy go-live (created earlier - listing not yet up
157663651527,,,Awaiting OnBuy go-live (created earlier - listing not yet up
158105053190,,,Awaiting OnBuy go-live (created earlier - listing not yet up
158371290886,,,Awaiting OnBuy go-live (created earlier - listing not yet up
158430247974,,,Awaiting OnBuy go-live (created earlier - listing not yet up
158826093338,,,Awaiting OnBuy go-live (created earlier - listing not yet up
159273115574,,,Awaiting OnBuy go-live (created earlier - listing not yet up
160720689760,,,Awaiting OnBuy go-live (created earlier - listing not yet up
161088055631,,,Awaiting OnBuy go-live (created earlier - listing not yet up
162940316426,,,Awaiting OnBuy go-live (created earlier - listing not yet up
163108901027,,,Awaiting OnBuy go-live (created earlier - listing not yet up
164660993611,,,Awaiting OnBuy go-live (created earlier - listing not yet up
165171083396,,,Awaiting OnBuy go-live (created earlier - listing not yet up
165220390512,,,Awaiting OnBuy go-live (created earlier - listing not yet up
166346624956,,,Awaiting OnBuy go-live (created earlier - listing not yet up
166355610919,,,Awaiting OnBuy go-live (created earlier - listing not yet up
166820817201,,,Awaiting OnBuy go-live (created earlier - listing not yet up
167029529346,,,Awaiting OnBuy go-live (created earlier - listing not yet up
167646658405,,,Awaiting OnBuy go-live (created earlier - listing not yet up
168145583069,,,Awaiting OnBuy go-live (created earlier - listing not yet up
168722338556,,,Awaiting OnBuy go-live (created earlier - listing not yet up
170425783199,,,Awaiting OnBuy go-live (created earlier - listing not yet up
170683539507,,,Awaiting OnBuy go-live (created earlier - listing not yet up
170997594353,,,Awaiting OnBuy go-live (created earlier - listing not yet up
172229800904,,,Awaiting OnBuy go-live (created earlier - listing not yet up
172876854282,,,Synced
174039760553,,,Awaiting OnBuy go-live (created earlier - listing not yet up
174219000431,,,Awaiting OnBuy go-live (created earlier - listing not yet up
174331463831,,,Awaiting OnBuy go-live (created earlier - listing not yet up
174662862921,,,Awaiting OnBuy go-live (created earlier - listing not yet up
175153771999,,,Awaiting OnBuy go-live (created earlier - listing not yet up
175797625207,,,Awaiting OnBuy go-live (created earlier - listing not yet up
175898804884,,,Awaiting OnBuy go-live (created earlier - listing not yet up
175990315110,,,Awaiting OnBuy go-live (created earlier - listing not yet up
176022734114,,,Awaiting OnBuy go-live (created earlier - listing not yet up
176299803148,,,Awaiting OnBuy go-live (created earlier - listing not yet up
176937477458,,,Awaiting OnBuy go-live (created earlier - listing not yet up
177259769450,,,Awaiting OnBuy go-live (created earlier - listing not yet up
177583224038,,,Awaiting OnBuy go-live (created earlier - listing not yet up
177630729097,,,Awaiting OnBuy go-live (created earlier - listing not yet up
179480100040,,,Awaiting OnBuy go-live (created earlier - listing not yet up
179965424883,,,Awaiting OnBuy go-live (created earlier - listing not yet up
180655479151,,,Awaiting OnBuy go-live (created earlier - listing not yet up
181005159808,,,Awaiting OnBuy go-live (created earlier - listing not yet up
181295694461,,,Awaiting OnBuy go-live (created earlier - listing not yet up
182685611983,,,Awaiting OnBuy go-live (created earlier - listing not yet up
183150813963,,,Awaiting OnBuy go-live (created earlier - listing not yet up
184007644617,,,Awaiting OnBuy go-live (created earlier - listing not yet up
184207500683,,,Awaiting OnBuy go-live (created earlier - listing not yet up
184237512496,,,Awaiting OnBuy go-live (created earlier - listing not yet up
185727601799,,,Awaiting OnBuy go-live (created earlier - listing not yet up
185820382021,,,Awaiting OnBuy go-live (created earlier - listing not yet up
186104158448,,,Awaiting OnBuy go-live (created earlier - listing not yet up
186787108556,,,Awaiting OnBuy go-live (created earlier - listing not yet up
187152953214,,,Awaiting OnBuy go-live (created earlier - listing not yet up
187726942934,,,Awaiting OnBuy go-live (created earlier - listing not yet up
188434231693,,,Awaiting OnBuy go-live (created earlier - listing not yet up
189305117924,,,Awaiting OnBuy go-live (created earlier - listing not yet up
190862575249,,,Awaiting OnBuy go-live (created earlier - listing not yet up
191344440284,,,Awaiting OnBuy go-live (created earlier - listing not yet up
191673608317,,,Awaiting OnBuy go-live (created earlier - listing not yet up
192188572568,,,Awaiting OnBuy go-live (created earlier - listing not yet up
192461805598,,,Awaiting OnBuy go-live (created earlier - listing not yet up
192495938170,,,Awaiting OnBuy go-live (created earlier - listing not yet up
193519255549,,,Awaiting OnBuy go-live (created earlier - listing not yet up
193856573245,,,Awaiting OnBuy go-live (created earlier - listing not yet up
194160138069,,,Awaiting OnBuy go-live (created earlier - listing not yet up
194579527324,,,Awaiting OnBuy go-live (created earlier - listing not yet up
194673586142,,,Awaiting OnBuy go-live (created earlier - listing not yet up
195560436212,,,Awaiting OnBuy go-live (created earlier - listing not yet up
196288208426,,,Awaiting OnBuy go-live (created earlier - listing not yet up
196893580269,,,Awaiting OnBuy go-live (created earlier - listing not yet up
197812494940,,,Awaiting OnBuy go-live (created earlier - listing not yet up
197988482086,,,Awaiting OnBuy go-live (created earlier - listing not yet up
199413515857,,,Awaiting OnBuy go-live (created earlier - listing not yet up
200061114719,,,Awaiting OnBuy go-live (created earlier - listing not yet up
201238630131,,,Awaiting OnBuy go-live (created earlier - listing not yet up
201492410241,,,Awaiting OnBuy go-live (created earlier - listing not yet up
201659854192,,,Awaiting OnBuy go-live (created earlier - listing not yet up
204022472702,,,Awaiting OnBuy go-live (created earlier - listing not yet up
204935382174,,,Awaiting OnBuy go-live (created earlier - listing not yet up
208587152130,,,Awaiting OnBuy go-live (created earlier - listing not yet up
209018978480,,,Awaiting OnBuy go-live (created earlier - listing not yet up
209124021186,,,Awaiting OnBuy go-live (created earlier - listing not yet up
211487514632,,,Awaiting OnBuy go-live (created earlier - listing not yet up
212394385162,,,Awaiting OnBuy go-live (created earlier - listing not yet up
212992030433,,,Awaiting OnBuy go-live (created earlier - listing not yet up
284867850408,,,Awaiting OnBuy go-live (created earlier - listing not yet up
291271202105,,,Synced
292204343452,,,Awaiting OnBuy go-live (created earlier - listing not yet up
292963357868,,,Awaiting OnBuy go-live (created earlier - listing not yet up
294287922050,,,Awaiting OnBuy go-live (created earlier - listing not yet up
294575155672,,,Synced
294635299421,,,Awaiting OnBuy go-live (created earlier - listing not yet up
295093082730,,,Synced
295363078067,,,Awaiting OnBuy go-live (created earlier - listing not yet up
295371867783,,,Awaiting OnBuy go-live (created earlier - listing not yet up
299218528837,,,Synced
299795366051,,,Awaiting OnBuy go-live (created earlier - listing not yet up
300965656145,,,Awaiting OnBuy go-live (created earlier - listing not yet up
344280398199,,,Awaiting OnBuy go-live (created earlier - listing not yet up
355845790891,,,Awaiting OnBuy go-live (created earlier - listing not yet up
359656172075,,,Awaiting OnBuy go-live (created earlier - listing not yet up
360685998611,,,Awaiting OnBuy go-live (created earlier - listing not yet up
362770847460,,,Awaiting OnBuy go-live (created earlier - listing not yet up
365698944860,,,Awaiting OnBuy go-live (created earlier - listing not yet up
366373430050,,,Awaiting OnBuy go-live (created earlier - listing not yet up
374058352658,,,Awaiting OnBuy go-live (created earlier - listing not yet up
375579265724,,,Awaiting OnBuy go-live (created earlier - listing not yet up
392888194156,,,Awaiting OnBuy go-live (created earlier - listing not yet up
421749150526,,,Awaiting OnBuy go-live (created earlier - listing not yet up
424973897632,,,Awaiting OnBuy go-live (created earlier - listing not yet up
426517569562,,,Awaiting OnBuy go-live (created earlier - listing not yet up
954135531659,,,Awaiting OnBuy go-live (created earlier - listing not yet up
954223639236,,,Awaiting OnBuy go-live (created earlier - listing not yet up
954291856986,,,Awaiting OnBuy go-live (created earlier - listing not yet up
954303348843,,,Awaiting OnBuy go-live (created earlier - listing not yet up
954336519838,,,Awaiting OnBuy go-live (created earlier - listing not yet up
954381710532,,,Awaiting OnBuy go-live (created earlier - listing not yet up
954395695528,,,Awaiting OnBuy go-live (created earlier - listing not yet up
954409027307,,,Awaiting OnBuy go-live (created earlier - listing not yet up
954422782962,,,Awaiting OnBuy go-live (created earlier - listing not yet up
954541013343,,,Awaiting OnBuy go-live (created earlier - listing not yet up
954553941986,,,Awaiting OnBuy go-live (created earlier - listing not yet up
954653509413,,,Awaiting OnBuy go-live (created earlier - listing not yet up
954689564707,,,Awaiting OnBuy go-live (created earlier - listing not yet up
954715044142,,,Awaiting OnBuy go-live (created earlier - listing not yet up
954726156193,,,Awaiting OnBuy go-live (created earlier - listing not yet up
955015141692,,,Awaiting OnBuy go-live (created earlier - listing not yet up
955039653997,,,Awaiting OnBuy go-live (created earlier - listing not yet up
955076965565,,,Awaiting OnBuy go-live (created earlier - listing not yet up
955105010839,,,Awaiting OnBuy go-live (created earlier - listing not yet up
955109907517,,,Awaiting OnBuy go-live (created earlier - listing not yet up
955113543022,,,Awaiting OnBuy go-live (created earlier - listing not yet up
955158232097,,,Awaiting OnBuy go-live (created earlier - listing not yet up
955186184771,,,Awaiting OnBuy go-live (created earlier - listing not yet up
955221557447,,,Awaiting OnBuy go-live (created earlier - listing not yet up
955249116138,,,Awaiting OnBuy go-live (created earlier - listing not yet up
955254523631,,,Awaiting OnBuy go-live (created earlier - listing not yet up
955255518766,,,Awaiting OnBuy go-live (created earlier - listing not yet up
955316501140,,,Awaiting OnBuy go-live (created earlier - listing not yet up
955367130542,,,Awaiting OnBuy go-live (created earlier - listing not yet up
955374322671,,,Awaiting OnBuy go-live (created earlier - listing not yet up
955412620264,,,Awaiting OnBuy go-live (created earlier - listing not yet up
955428963317,,,Awaiting OnBuy go-live (created earlier - listing not yet up
955429300821,,,Awaiting OnBuy go-live (created earlier - listing not yet up
955455327939,,,Awaiting OnBuy go-live (created earlier - listing not yet up
955522504768,,,Awaiting OnBuy go-live (created earlier - listing not yet up
955532608364,,,Awaiting OnBuy go-live (created earlier - listing not yet up
955671561148,,,Awaiting OnBuy go-live (created earlier - listing not yet up
955701913770,,,Awaiting OnBuy go-live (created earlier - listing not yet up
955705424586,,,Synced
955715196480,,,Awaiting OnBuy go-live (created earlier - listing not yet up
955738636109,,,Awaiting OnBuy go-live (created earlier - listing not yet up
955852965796,,,Awaiting OnBuy go-live (created earlier - listing not yet up
955855249268,,,Awaiting OnBuy go-live (created earlier - listing not yet up
955874995634,,,Awaiting OnBuy go-live (created earlier - listing not yet up
955909606771,,,Awaiting OnBuy go-live (created earlier - listing not yet up
955942222808,,,Awaiting OnBuy go-live (created earlier - listing not yet up
956105934897,,,Awaiting OnBuy go-live (created earlier - listing not yet up
956122473843,,,Awaiting OnBuy go-live (created earlier - listing not yet up
956144487323,,,Awaiting OnBuy go-live (created earlier - listing not yet up
956303775360,,,Awaiting OnBuy go-live (created earlier - listing not yet up
956317349786,,,Awaiting OnBuy go-live (created earlier - listing not yet up
956331673904,,,Awaiting OnBuy go-live (created earlier - listing not yet up
956335148682,,,Awaiting OnBuy go-live (created earlier - listing not yet up
956374174567,,,Awaiting OnBuy go-live (created earlier - listing not yet up
956380260599,,,Awaiting OnBuy go-live (created earlier - listing not yet up
956446384290,,,Awaiting OnBuy go-live (created earlier - listing not yet up
956488768027,,,Awaiting OnBuy go-live (created earlier - listing not yet up
956565517081,,,Awaiting OnBuy go-live (created earlier - listing not yet up
956618111846,,,Awaiting OnBuy go-live (created earlier - listing not yet up
956646134183,,,Awaiting OnBuy go-live (created earlier - listing not yet up
956669165737,,,Awaiting OnBuy go-live (created earlier - listing not yet up
956741632942,,,Awaiting OnBuy go-live (created earlier - listing not yet up
956809305634,,,Awaiting OnBuy go-live (created earlier - listing not yet up
956902108620,,,Awaiting OnBuy go-live (created earlier - listing not yet up
956906399017,,,Awaiting OnBuy go-live (created earlier - listing not yet up
956910547640,,,Awaiting OnBuy go-live (created earlier - listing not yet up
956995761337,,,Awaiting OnBuy go-live (created earlier - listing not yet up
957061842585,,,Awaiting OnBuy go-live (created earlier - listing not yet up
957103415548,,,Awaiting OnBuy go-live (created earlier - listing not yet up
957147602492,,,Awaiting OnBuy go-live (created earlier - listing not yet up
957238041063,,,Awaiting OnBuy go-live (created earlier - listing not yet up
957245221229,,,Awaiting OnBuy go-live (created earlier - listing not yet up
957273662643,,,Awaiting OnBuy go-live (created earlier - listing not yet up
957320409818,,,Awaiting OnBuy go-live (created earlier - listing not yet up
957328434225,,,Awaiting OnBuy go-live (created earlier - listing not yet up
957351098692,,,Awaiting OnBuy go-live (created earlier - listing not yet up
957367344226,,,Awaiting OnBuy go-live (created earlier - listing not yet up
957389083615,,,Awaiting OnBuy go-live (created earlier - listing not yet up
957524589842,,,Awaiting OnBuy go-live (created earlier - listing not yet up
957526905541,,,Awaiting OnBuy go-live (created earlier - listing not yet up
957590777822,,,Awaiting OnBuy go-live (created earlier - listing not yet up
957602156461,,,Awaiting OnBuy go-live (created earlier - listing not yet up
957639174766,,,Awaiting OnBuy go-live (created earlier - listing not yet up
957648220485,,,Awaiting OnBuy go-live (created earlier - listing not yet up
957770863260,,,Awaiting OnBuy go-live (created earlier - listing not yet up
957845249289,,,Awaiting OnBuy go-live (created earlier - listing not yet up
957868813597,,,Awaiting OnBuy go-live (created earlier - listing not yet up
957877051478,,,Awaiting OnBuy go-live (created earlier - listing not yet up
957930887839,,,Awaiting OnBuy go-live (created earlier - listing not yet up
958025954061,,,Awaiting OnBuy go-live (created earlier - listing not yet up
958030137664,,,Awaiting OnBuy go-live (created earlier - listing not yet up
958069567043,,,Awaiting OnBuy go-live (created earlier - listing not yet up
958081019834,,,Awaiting OnBuy go-live (created earlier - listing not yet up
958144380666,,,Awaiting OnBuy go-live (created earlier - listing not yet up
958176201748,,,Awaiting OnBuy go-live (created earlier - listing not yet up
958309079770,,,Awaiting OnBuy go-live (created earlier - listing not yet up
958336576488,,,Awaiting OnBuy go-live (created earlier - listing not yet up
958385329554,,,Awaiting OnBuy go-live (created earlier - listing not yet up
958429817184,,,Awaiting OnBuy go-live (created earlier - listing not yet up
958468249410,,,Awaiting OnBuy go-live (created earlier - listing not yet up
958482516994,,,Awaiting OnBuy go-live (created earlier - listing not yet up
958558893820,,,Awaiting OnBuy go-live (created earlier - listing not yet up
958577423862,,,Awaiting OnBuy go-live (created earlier - listing not yet up
958600765457,,,Awaiting OnBuy go-live (created earlier - listing not yet up
958639604628,,,Awaiting OnBuy go-live (created earlier - listing not yet up
958702852628,,,Awaiting OnBuy go-live (created earlier - listing not yet up
958731196267,,,Awaiting OnBuy go-live (created earlier - listing not yet up
958744018235,,,Awaiting OnBuy go-live (created earlier - listing not yet up
958765100247,,,Awaiting OnBuy go-live (created earlier - listing not yet up
958850813571,,,Awaiting OnBuy go-live (created earlier - listing not yet up
958879373599,,,Awaiting OnBuy go-live (created earlier - listing not yet up
958882694018,,,Awaiting OnBuy go-live (created earlier - listing not yet up
958890345001,,,Awaiting OnBuy go-live (created earlier - listing not yet up
958915087282,,,Awaiting OnBuy go-live (created earlier - listing not yet up
958925202545,,,Awaiting OnBuy go-live (created earlier - listing not yet up
959098705680,,,Awaiting OnBuy go-live (created earlier - listing not yet up
959157167541,,,Awaiting OnBuy go-live (created earlier - listing not yet up
959207041449,,,Awaiting OnBuy go-live (created earlier - listing not yet up
959251044410,,,Awaiting OnBuy go-live (created earlier - listing not yet up
959282138225,,,Awaiting OnBuy go-live (created earlier - listing not yet up
959307785984,,,Awaiting OnBuy go-live (created earlier - listing not yet up
959339186018,,,Awaiting OnBuy go-live (created earlier - listing not yet up
959510874697,,,Awaiting OnBuy go-live (created earlier - listing not yet up
959649048471,,,Awaiting OnBuy go-live (created earlier - listing not yet up
959732910517,,,Awaiting OnBuy go-live (created earlier - listing not yet up
959761312177,,,Awaiting OnBuy go-live (created earlier - listing not yet up
959917764010,,,Awaiting OnBuy go-live (created earlier - listing not yet up
959946179724,,,Awaiting OnBuy go-live (created earlier - listing not yet up
959970577480,,,Awaiting OnBuy go-live (created earlier - listing not yet up
959988156516,,,Awaiting OnBuy go-live (created earlier - listing not yet up
960003574130,,,Awaiting OnBuy go-live (created earlier - listing not yet up
960050828767,,,Awaiting OnBuy go-live (created earlier - listing not yet up
960057812455,,,Awaiting OnBuy go-live (created earlier - listing not yet up
960070354581,,,Awaiting OnBuy go-live (created earlier - listing not yet up
960115254005,,,Awaiting OnBuy go-live (created earlier - listing not yet up
960201515928,,,Awaiting OnBuy go-live (created earlier - listing not yet up
960210470010,,,Awaiting OnBuy go-live (created earlier - listing not yet up
960309896783,,,Awaiting OnBuy go-live (created earlier - listing not yet up
960349306273,,,Awaiting OnBuy go-live (created earlier - listing not yet up
960451091661,,,Awaiting OnBuy go-live (created earlier - listing not yet up
960473234275,,,Awaiting OnBuy go-live (created earlier - listing not yet up
960480609615,,,Awaiting OnBuy go-live (created earlier - listing not yet up
960541348590,,,Awaiting OnBuy go-live (created earlier - listing not yet up
960550238516,,,Awaiting OnBuy go-live (created earlier - listing not yet up
960563750562,,,Awaiting OnBuy go-live (created earlier - listing not yet up
960607707392,,,Awaiting OnBuy go-live (created earlier - listing not yet up
960768094737,,,Awaiting OnBuy go-live (created earlier - listing not yet up
960869857194,,,Awaiting OnBuy go-live (created earlier - listing not yet up
960920599223,,,Awaiting OnBuy go-live (created earlier - listing not yet up
960972778553,,,Awaiting OnBuy go-live (created earlier - listing not yet up
960981145889,,,Awaiting OnBuy go-live (created earlier - listing not yet up
961033566065,,,Awaiting OnBuy go-live (created earlier - listing not yet up
961096169562,,,Awaiting OnBuy go-live (created earlier - listing not yet up
961142205473,,,Awaiting OnBuy go-live (created earlier - listing not yet up
961194526595,,,Awaiting OnBuy go-live (created earlier - listing not yet up
961219649230,,,Awaiting OnBuy go-live (created earlier - listing not yet up
961233091510,,,Awaiting OnBuy go-live (created earlier - listing not yet up
961283545605,,,Awaiting OnBuy go-live (created earlier - listing not yet up
961302377279,,,Awaiting OnBuy go-live (created earlier - listing not yet up
961337116782,,,Awaiting OnBuy go-live (created earlier - listing not yet up
961370578769,,,Awaiting OnBuy go-live (created earlier - listing not yet up
961394612845,,,Awaiting OnBuy go-live (created earlier - listing not yet up
961542114948,,,Awaiting OnBuy go-live (created earlier - listing not yet up
961592849791,,,Awaiting OnBuy go-live (created earlier - listing not yet up
961592973502,,,Synced
961603362660,,,Awaiting OnBuy go-live (created earlier - listing not yet up
961614513884,,,Awaiting OnBuy go-live (created earlier - listing not yet up
961662094410,,,Awaiting OnBuy go-live (created earlier - listing not yet up
961702637478,,,Awaiting OnBuy go-live (created earlier - listing not yet up
961729955258,,,Awaiting OnBuy go-live (created earlier - listing not yet up
961767637215,,,Synced
961816618394,,,Awaiting OnBuy go-live (created earlier - listing not yet up
961847671740,,,Awaiting OnBuy go-live (created earlier - listing not yet up
961856284504,,,Synced
962049387835,,,Awaiting OnBuy go-live (created earlier - listing not yet up
962106727093,,,Synced
962156197860,,,Awaiting OnBuy go-live (created earlier - listing not yet up
962191253248,,,Awaiting OnBuy go-live (created earlier - listing not yet up
962214912770,,,Awaiting OnBuy go-live (created earlier - listing not yet up
962216303767,,,Awaiting OnBuy go-live (created earlier - listing not yet up
962392858600,,,Awaiting OnBuy go-live (created earlier - listing not yet up
962433692347,,,Awaiting OnBuy go-live (created earlier - listing not yet up
962469820264,,,Awaiting OnBuy go-live (created earlier - listing not yet up
962493658208,,,Awaiting OnBuy go-live (created earlier - listing not yet up
962674898942,,,Awaiting OnBuy go-live (created earlier - listing not yet up
962765437685,,,Awaiting OnBuy go-live (created earlier - listing not yet up
962788444967,,,Awaiting OnBuy go-live (created earlier - listing not yet up
962870041029,,,Awaiting OnBuy go-live (created earlier - listing not yet up
962876211372,,,Awaiting OnBuy go-live (created earlier - listing not yet up
646888426954,,,Awaiting OnBuy go-live (created earlier - listing not yet up
662783753414,,,Awaiting OnBuy go-live (created earlier - listing not yet up
662892045080,,,Awaiting OnBuy go-live (created earlier - listing not yet up
663252540788,,,Awaiting OnBuy go-live (created earlier - listing not yet up
672711520025,,,Awaiting OnBuy go-live (created earlier - listing not yet up
679159942747,,,Awaiting OnBuy go-live (created earlier - listing not yet up
681239344457,,,Awaiting OnBuy go-live (created earlier - listing not yet up
682160012057,,,Awaiting OnBuy go-live (created earlier - listing not yet up
690430977982,,,Awaiting OnBuy go-live (created earlier - listing not yet up
690452598387,,,Awaiting OnBuy go-live (created earlier - listing not yet up
695245438772,,,Awaiting OnBuy go-live (created earlier - listing not yet up
700747491498,,,Awaiting OnBuy go-live (created earlier - listing not yet up
701412008836,,,Awaiting OnBuy go-live (created earlier - listing not yet up
701662489140,,,Awaiting OnBuy go-live (created earlier - listing not yet up
703127541042,,,Awaiting OnBuy go-live (created earlier - listing not yet up
705072165908,,,Awaiting OnBuy go-live (created earlier - listing not yet up
714923103549,,,Awaiting OnBuy go-live (created earlier - listing not yet up
727117947225,,,Awaiting OnBuy go-live (created earlier - listing not yet up
738291949660,,,Awaiting OnBuy go-live (created earlier - listing not yet up
743476582396,,,Awaiting OnBuy go-live (created earlier - listing not yet up
750799887176,,,Awaiting OnBuy go-live (created earlier - listing not yet up
765814755392,,,Synced
775871645307,,,Awaiting OnBuy go-live (created earlier - listing not yet up
777576963328,,,Awaiting OnBuy go-live (created earlier - listing not yet up
783821227756,,,Awaiting OnBuy go-live (created earlier - listing not yet up
784288227242,,,Awaiting OnBuy go-live (created earlier - listing not yet up
786167823804,,,Synced
786509234435,,,Awaiting OnBuy go-live (created earlier - listing not yet up
789236407455,,,Awaiting OnBuy go-live (created earlier - listing not yet up
790510711823,,,Awaiting OnBuy go-live (created earlier - listing not yet up
790678907410,,,Awaiting OnBuy go-live (created earlier - listing not yet up
793584778112,,,Awaiting OnBuy go-live (created earlier - listing not yet up
797471503290,,,Awaiting OnBuy go-live (created earlier - listing not yet up
798286889401,,,Awaiting OnBuy go-live (created earlier - listing not yet up
799464693193,PXM5QXK,,Synced
799769767018,,,Awaiting OnBuy go-live (created earlier - listing not yet up
799831790791,,,Awaiting OnBuy go-live (created earlier - listing not yet up
800322747337,,,Awaiting OnBuy go-live (created earlier - listing not yet up
801520541598,,,Awaiting OnBuy go-live (created earlier - listing not yet up
810370449510,PXM5QY7,,Synced
810379082633,,,Awaiting OnBuy go-live (created earlier - listing not yet up
816744046019,,,Awaiting OnBuy go-live (created earlier - listing not yet up
817509517690,,,Awaiting OnBuy go-live (created earlier - listing not yet up
818700739805,,,Awaiting OnBuy go-live (created earlier - listing not yet up
822214734645,,,Awaiting OnBuy go-live (created earlier - listing not yet up
825219348671,,,Awaiting OnBuy go-live (created earlier - listing not yet up
826001002542,,,Awaiting OnBuy go-live (created earlier - listing not yet up
852920982535,,,Awaiting OnBuy go-live (created earlier - listing not yet up
853732360856,,,Awaiting OnBuy go-live (created earlier - listing not yet up
853791907849,,,Awaiting OnBuy go-live (created earlier - listing not yet up
855267160727,,,Awaiting OnBuy go-live (created earlier - listing not yet up
856195793735,,,Awaiting OnBuy go-live (created earlier - listing not yet up
964538617881,,,Awaiting OnBuy go-live (created earlier - listing not yet up
964540613680,,,Awaiting OnBuy go-live (created earlier - listing not yet up
964547612679,,,Awaiting OnBuy go-live (created earlier - listing not yet up
964628067831,,,Awaiting OnBuy go-live (created earlier - listing not yet up
964707093843,,,Awaiting OnBuy go-live (created earlier - listing not yet up
964868422377,,,Awaiting OnBuy go-live (created earlier - listing not yet up
964927340802,,,Awaiting OnBuy go-live (created earlier - listing not yet up
964948464808,,,Awaiting OnBuy go-live (created earlier - listing not yet up
965103133317,,,Awaiting OnBuy go-live (created earlier - listing not yet up
965177027291,,,Synced
965191741319,,,Awaiting OnBuy go-live (created earlier - listing not yet up
965259572657,,,Awaiting OnBuy go-live (created earlier - listing not yet up
965263546828,,,Awaiting OnBuy go-live (created earlier - listing not yet up
966259749957,,,Awaiting OnBuy go-live (created earlier - listing not yet up
967011498984,,,Awaiting OnBuy go-live (created earlier - listing not yet up
968448575743,,,Awaiting OnBuy go-live (created earlier - listing not yet up
600859755375,,,Awaiting OnBuy go-live (created earlier - listing not yet up
618443671505,,,Awaiting OnBuy go-live (created earlier - listing not yet up
620607053119,,,Awaiting OnBuy go-live (created earlier - listing not yet up
651001097645,,,Awaiting OnBuy go-live (created earlier - listing not yet up
701317004285,PXM5RQC,,Awaiting OnBuy go-live (created earlier - listing not yet up
704323491773,,,Awaiting OnBuy go-live (created earlier - listing not yet up
725449595428,PXM5RRF,,Awaiting OnBuy go-live (created earlier - listing not yet up
725571587865,,,Awaiting OnBuy go-live (created earlier - listing not yet up
754872123380,,,Awaiting OnBuy go-live (created earlier - listing not yet up
764198272112,,,Awaiting OnBuy go-live (created earlier - listing not yet up
857934168418,,,Awaiting OnBuy go-live (created earlier - listing not yet up
879003617405,,,Awaiting OnBuy go-live (created earlier - listing not yet up
892329245268,,,Awaiting OnBuy go-live (created earlier - listing not yet up
945170594709,,,Awaiting OnBuy go-live (created earlier - listing not yet up
947435893244,,,Awaiting OnBuy go-live (created earlier - listing not yet up
950003750962,PXM5T67,,Awaiting OnBuy go-live (created earlier - listing not yet up
979758786743,,,Awaiting OnBuy go-live (created earlier - listing not yet up
672394401079,,,Awaiting OnBuy go-live (created earlier - listing not yet up
739762747433,,,Awaiting OnBuy go-live (created earlier - listing not yet up
815807369799,,,Awaiting OnBuy go-live (created earlier - listing not yet up
726385150207,,,Awaiting OnBuy go-live (created earlier - listing not yet up
174736151227,,,Awaiting OnBuy go-live (created earlier - listing not yet up
632035903324,,,Awaiting OnBuy go-live (created earlier - listing not yet up
627515331957,,,Awaiting OnBuy go-live (created earlier - listing not yet up
881865836719,,,Awaiting OnBuy go-live (created earlier - listing not yet up
170737261781,,,Awaiting OnBuy go-live (created earlier - listing not yet up
963711442036,,,Awaiting OnBuy go-live (created earlier - listing not yet up
298732726323,,,Awaiting OnBuy go-live (created earlier - listing not yet up
138749449511,,,Awaiting OnBuy go-live (created earlier - listing not yet up
767631242451,,,Awaiting OnBuy go-live (created earlier - listing not yet up
879490857155,,,Awaiting OnBuy go-live (created earlier - listing not yet up
655180061367,,,Awaiting OnBuy go-live (created earlier - listing not yet up
834209728713,,,Awaiting OnBuy go-live (created earlier - listing not yet up
749279478829,,,Synced
479834268236,,,Awaiting OnBuy go-live (created earlier - listing not yet up
119136416903,,,Awaiting OnBuy go-live (created earlier - listing not yet up
989080477950,,,Awaiting OnBuy go-live (created earlier - listing not yet up
444537612259,,,Awaiting OnBuy go-live (created earlier - listing not yet up
463274701460,,,Awaiting OnBuy go-live (created earlier - listing not yet up
807204821208,,,Awaiting OnBuy go-live (created earlier - listing not yet up
613117574571,,,Awaiting OnBuy go-live (created earlier - listing not yet up
982201606857,,,Awaiting OnBuy go-live (created earlier - listing not yet up
699942968815,,,Awaiting OnBuy go-live (created earlier - listing not yet up
666554501211,,,Awaiting OnBuy go-live (created earlier - listing not yet up
415573860195,,,Awaiting OnBuy go-live (created earlier - listing not yet up
697810300712,,,Synced
851433657299,,,Awaiting OnBuy go-live (created earlier - listing not yet up
649083774646,,,Awaiting OnBuy go-live (created earlier - listing not yet up
328642459421,,,Synced
676206011067,,,Awaiting OnBuy go-live (created earlier - listing not yet up
289797345161,,,Awaiting OnBuy go-live (created earlier - listing not yet up
858532024144,,,Awaiting OnBuy go-live (created earlier - listing not yet up
186891440078,,,Awaiting OnBuy go-live (created earlier - listing not yet up
746095780372,,,Awaiting OnBuy go-live (created earlier - listing not yet up
429782471424,,,Awaiting OnBuy go-live (created earlier - listing not yet up
139604788493,,,Awaiting OnBuy go-live (created earlier - listing not yet up
347934041991,,,Awaiting OnBuy go-live (created earlier - listing not yet up
488633395098,,,Awaiting OnBuy go-live (created earlier - listing not yet up
107057274191,,,Awaiting OnBuy go-live (created earlier - listing not yet up
671405770180,,,Awaiting OnBuy go-live (created earlier - listing not yet up
842363763945,,,Awaiting OnBuy go-live (created earlier - listing not yet up
670073851733,,,Awaiting OnBuy go-live (created earlier - listing not yet up
398827361511,,,Awaiting OnBuy go-live (created earlier - listing not yet up
988552422580,,,Awaiting OnBuy go-live (created earlier - listing not yet up
764591657240,,,Awaiting OnBuy go-live (created earlier - listing not yet up
822568284308,,,Awaiting OnBuy go-live (created earlier - listing not yet up
247556499760,,,Awaiting OnBuy go-live (created earlier - listing not yet up
761160727069,,,Awaiting OnBuy go-live (created earlier - listing not yet up
993777532815,,,Awaiting OnBuy go-live (created earlier - listing not yet up
877044731050,,,Awaiting OnBuy go-live (created earlier - listing not yet up
979694810205,,,Awaiting OnBuy go-live (created earlier - listing not yet up
247934692073,,,Awaiting OnBuy go-live (created earlier - listing not yet up
430840344888,,,Awaiting OnBuy go-live (created earlier - listing not yet up
803250173582,,,Awaiting OnBuy go-live (created earlier - listing not yet up
927793006272,,,Awaiting OnBuy go-live (created earlier - listing not yet up
624081072970,,,Awaiting OnBuy go-live (created earlier - listing not yet up
226866543752,,,Awaiting OnBuy go-live (created earlier - listing not yet up
755694331342,,,Awaiting OnBuy go-live (created earlier - listing not yet up
186374015304,,,Awaiting OnBuy go-live (created earlier - listing not yet up
981811073134,,,Awaiting OnBuy go-live (created earlier - listing not yet up
691893757593,,,Awaiting OnBuy go-live (created earlier - listing not yet up
161746300387,,,Awaiting OnBuy go-live (created earlier - listing not yet up
700279936931,,,Awaiting OnBuy go-live (created earlier - listing not yet up
339246526150,,,Awaiting OnBuy go-live (created earlier - listing not yet up
903490958502,,,Awaiting OnBuy go-live (created earlier - listing not yet up
498304835310,,,Awaiting OnBuy go-live (created earlier - listing not yet up
174565394918,,,Awaiting OnBuy go-live (created earlier - listing not yet up
127604098896,,,Awaiting OnBuy go-live (created earlier - listing not yet up
237377825732,,,Awaiting OnBuy go-live (created earlier - listing not yet up
671502420483,,,Awaiting OnBuy go-live (created earlier - listing not yet up
761479840657,,,Awaiting OnBuy go-live (created earlier - listing not yet up
761027882399,,,Synced
397113069681,,,Awaiting OnBuy go-live (created earlier - listing not yet up
983898089916,,,Awaiting OnBuy go-live (created earlier - listing not yet up
161782184910,,,Awaiting OnBuy go-live (created earlier - listing not yet up
790295859673,,,Awaiting OnBuy go-live (created earlier - listing not yet up
681798933383,,,Awaiting OnBuy go-live (created earlier - listing not yet up
326562868125,,,Awaiting OnBuy go-live (created earlier - listing not yet up
809860074769,,,Awaiting OnBuy go-live (created earlier - listing not yet up
601632202796,,,Awaiting OnBuy go-live (created earlier - listing not yet up
187185313337,,,Awaiting OnBuy go-live (created earlier - listing not yet up
674136667224,,,Awaiting OnBuy go-live (created earlier - listing not yet up
726970782103,,,Awaiting OnBuy go-live (created earlier - listing not yet up
291793681259,,,Awaiting OnBuy go-live (created earlier - listing not yet up
755176050594,,,Awaiting OnBuy go-live (created earlier - listing not yet up
805015954337,,,Awaiting OnBuy go-live (created earlier - listing not yet up
991917255839,,,Awaiting OnBuy go-live (created earlier - listing not yet up
908305879355,,,Awaiting OnBuy go-live (created earlier - listing not yet up
615973366420,,,Awaiting OnBuy go-live (created earlier - listing not yet up
714310277396,,,Awaiting OnBuy go-live (created earlier - listing not yet up
114489988824,,,Awaiting OnBuy go-live (created earlier - listing not yet up
923132434270,,,Awaiting OnBuy go-live (created earlier - listing not yet up
415154137951,,,Awaiting OnBuy go-live (created earlier - listing not yet up
405773447456,,,Awaiting OnBuy go-live (created earlier - listing not yet up
385027753949,,,Awaiting OnBuy go-live (created earlier - listing not yet up
292379018919,,,Awaiting OnBuy go-live (created earlier - listing not yet up
279614110140,,,Awaiting OnBuy go-live (created earlier - listing not yet up
437955777532,,,Awaiting OnBuy go-live (created earlier - listing not yet up
845165874680,,,Awaiting OnBuy go-live (created earlier - listing not yet up
746534765236,,,Awaiting OnBuy go-live (created earlier - listing not yet up
247585777105,,,Awaiting OnBuy go-live (created earlier - listing not yet up
335522692069,,,Awaiting OnBuy go-live (created earlier - listing not yet up
607358198214,,,Awaiting OnBuy go-live (created earlier - listing not yet up
662180254958,,,Awaiting OnBuy go-live (created earlier - listing not yet up
329468883339,,,Awaiting OnBuy go-live (created earlier - listing not yet up
397437064300,,,Awaiting OnBuy go-live (created earlier - listing not yet up
630544729961,,,Awaiting OnBuy go-live (created earlier - listing not yet up
291592103808,,,Awaiting OnBuy go-live (created earlier - listing not yet up
119506443423,,,Awaiting OnBuy go-live (created earlier - listing not yet up
317156202234,,,Awaiting OnBuy go-live (created earlier - listing not yet up
152778141475,,,Awaiting OnBuy go-live (created earlier - listing not yet up
369075635297,,,Awaiting OnBuy go-live (created earlier - listing not yet up
859940480768,,,Awaiting OnBuy go-live (created earlier - listing not yet up
146389090437,,,Awaiting OnBuy go-live (created earlier - listing not yet up
140130836787,,,Awaiting OnBuy go-live (created earlier - listing not yet up
863115871442,,,Awaiting OnBuy go-live (created earlier - listing not yet up
258709782677,,,Awaiting OnBuy go-live (created earlier - listing not yet up
425046195570,,,Synced
970921886789,,,Awaiting OnBuy go-live (created earlier - listing not yet up
785730417143,,,Awaiting OnBuy go-live (created earlier - listing not yet up
613992898892,,,Awaiting OnBuy go-live (created earlier - listing not yet up
916195465206,,,Awaiting OnBuy go-live (created earlier - listing not yet up
965837829029,,,Awaiting OnBuy go-live (created earlier - listing not yet up
198114304531,,,Awaiting OnBuy go-live (created earlier - listing not yet up
972142744091,,,Awaiting OnBuy go-live (created earlier - listing not yet up
684874452006,,,Awaiting OnBuy go-live (created earlier - listing not yet up
104598295333,,,Awaiting OnBuy go-live (created earlier - listing not yet up
105563853480,,,Awaiting OnBuy go-live (created earlier - listing not yet up
775113091145,,,Awaiting OnBuy go-live (created earlier - listing not yet up
659589576019,,,Awaiting OnBuy go-live (created earlier - listing not yet up
797287059219,,,Awaiting OnBuy go-live (created earlier - listing not yet up
848991710627,,,Awaiting OnBuy go-live (created earlier - listing not yet up
665786528805,,,Awaiting OnBuy go-live (created earlier - listing not yet up
274926498023,,,Awaiting OnBuy go-live (created earlier - listing not yet up
247803477787,,,Awaiting OnBuy go-live (created earlier - listing not yet up
378811653075,,,Awaiting OnBuy go-live (created earlier - listing not yet up
908993964104,,,Awaiting OnBuy go-live (created earlier - listing not yet up
227736693072,,,Awaiting OnBuy go-live (created earlier - listing not yet up
384477482881,,,Awaiting OnBuy go-live (created earlier - listing not yet up
117363106499,,,Awaiting OnBuy go-live (created earlier - listing not yet up
734429322404,,,Awaiting OnBuy go-live (created earlier - listing not yet up
617557860287,,,Awaiting OnBuy go-live (created earlier - listing not yet up
792122029259,,,Awaiting OnBuy go-live (created earlier - listing not yet up
632213388004,,,Awaiting OnBuy go-live (created earlier - listing not yet up
325471747347,,,Awaiting OnBuy go-live (created earlier - listing not yet up
963000417462,,,Awaiting OnBuy go-live (created earlier - listing not yet up
887895206522,,,Awaiting OnBuy go-live (created earlier - listing not yet up
168532097773,,,Awaiting OnBuy go-live (created earlier - listing not yet up
329522656381,,,Awaiting OnBuy go-live (created earlier - listing not yet up
191373216942,,,Awaiting OnBuy go-live (created earlier - listing not yet up
391763845015,,,Awaiting OnBuy go-live (created earlier - listing not yet up
714991778472,,,Awaiting OnBuy go-live (created earlier - listing not yet up
129528901269,,,Awaiting OnBuy go-live (created earlier - listing not yet up
870407066356,,,Awaiting OnBuy go-live (created earlier - listing not yet up
995791082123,,,Awaiting OnBuy go-live (created earlier - listing not yet up
854934189337,,,Synced
888871663292,,,Awaiting OnBuy go-live (created earlier - listing not yet up
126544299066,,,Awaiting OnBuy go-live (created earlier - listing not yet up
137302001036,,,Awaiting OnBuy go-live (created earlier - listing not yet up
156306684526,,,Awaiting OnBuy go-live (created earlier - listing not yet up
351980429498,,,Awaiting OnBuy go-live (created earlier - listing not yet up
836462135727,,,Awaiting OnBuy go-live (created earlier - listing not yet up
607330880694,,,Awaiting OnBuy go-live (created earlier - listing not yet up
865823453057,,,Awaiting OnBuy go-live (created earlier - listing not yet up
212437097069,,,Awaiting OnBuy go-live (created earlier - listing not yet up
984587485019,,,Awaiting OnBuy go-live (created earlier - listing not yet up
182868578751,,,Awaiting OnBuy go-live (created earlier - listing not yet up
652219817995,,,Awaiting OnBuy go-live (created earlier - listing not yet up
997258774886,,,Awaiting OnBuy go-live (created earlier - listing not yet up
147846030461,,,Awaiting OnBuy go-live (created earlier - listing not yet up
775643207764,,,Awaiting OnBuy go-live (created earlier - listing not yet up
913259513989,,,Awaiting OnBuy go-live (created earlier - listing not yet up
923008081430,,,Awaiting OnBuy go-live (created earlier - listing not yet up
347937265295,,,Awaiting OnBuy go-live (created earlier - listing not yet up
125180412358,PXM5VQV,,Awaiting OnBuy go-live (created earlier - listing not yet up
789419565767,,,Awaiting OnBuy go-live (created earlier - listing not yet up
667017675180,PXM5W76,,Synced
795178844470,,,Awaiting OnBuy go-live (created earlier - listing not yet up
225369099421,PXM5VV2,,Synced
662528201521,PXM5W6V,,Awaiting OnBuy go-live (created earlier - listing not yet up
442384249147,,,Awaiting OnBuy go-live (created earlier - listing not yet up
250799453239,,,Awaiting OnBuy go-live (created earlier - listing not yet up
867860308543,,,Awaiting OnBuy go-live (created earlier - listing not yet up
228191721621,,,Awaiting OnBuy go-live (created earlier - listing not yet up
814164936699,,,Awaiting OnBuy go-live (created earlier - listing not yet up
950617210180,,,Awaiting OnBuy go-live (created earlier - listing not yet up
172562007466,,,Awaiting OnBuy go-live (created earlier - listing not yet up
216426067880,,,Awaiting OnBuy go-live (created earlier - listing not yet up
454677503133,,,Awaiting OnBuy go-live (created earlier - listing not yet up
431199257843,,,Synced
986759583936,,,Synced
662793040795,,,Awaiting OnBuy go-live (created earlier - listing not yet up
120436577546,,,Awaiting OnBuy go-live (created earlier - listing not yet up
811671491352,,,Awaiting OnBuy go-live (created earlier - listing not yet up
126809819145,,,Awaiting OnBuy go-live (created earlier - listing not yet up
228878614345,,,Awaiting OnBuy go-live (created earlier - listing not yet up
817325436380,,,Awaiting OnBuy go-live (created earlier - listing not yet up
229526482149,,,Awaiting OnBuy go-live (created earlier - listing not yet up
297674131073,,,Awaiting OnBuy go-live (created earlier - listing not yet up
328966813183,,,Awaiting OnBuy go-live (created earlier - listing not yet up
837542808739,,,Awaiting OnBuy go-live (created earlier - listing not yet up
440461413436,,,Awaiting OnBuy go-live (created earlier - listing not yet up
724628635177,,,Awaiting OnBuy go-live (created earlier - listing not yet up
230083783341,,,Awaiting OnBuy go-live (created earlier - listing not yet up
190403681095,,,Awaiting OnBuy go-live (created earlier - listing not yet up
988137485764,,,Synced
948631528206,,,Awaiting OnBuy go-live (created earlier - listing not yet up
711284842674,,,Awaiting OnBuy go-live (created earlier - listing not yet up
685072447160,,,Awaiting OnBuy go-live (created earlier - listing not yet up
713467338431,,,Awaiting OnBuy go-live (created earlier - listing not yet up
614787901322,,,Awaiting OnBuy go-live (created earlier - listing not yet up
492442816736,,,Awaiting OnBuy go-live (created earlier - listing not yet up
749468776507,,,Awaiting OnBuy go-live (created earlier - listing not yet up
419070419511,,,Synced
247999313425,,,Awaiting OnBuy go-live (created earlier - listing not yet up
924470645885,,,Awaiting OnBuy go-live (created earlier - listing not yet up
673093455202,,,Awaiting OnBuy go-live (created earlier - listing not yet up
762623451804,,,Synced
136345271635,,,Awaiting OnBuy go-live (created earlier - listing not yet up
708320617129,,,Awaiting OnBuy go-live (created earlier - listing not yet up
230242415564,,,Awaiting OnBuy go-live (created earlier - listing not yet up
918992926805,,,Awaiting OnBuy go-live (created earlier - listing not yet up
631019595036,,,Awaiting OnBuy go-live (created earlier - listing not yet up
673986503645,,,Awaiting OnBuy go-live (created earlier - listing not yet up
358541387334,,,Awaiting OnBuy go-live (created earlier - listing not yet up
231999808708,,,Awaiting OnBuy go-live (created earlier - listing not yet up
435648996925,,,Awaiting OnBuy go-live (created earlier - listing not yet up
245204526301,,,Awaiting OnBuy go-live (created earlier - listing not yet up
102292523530,,,Awaiting OnBuy go-live (created earlier - listing not yet up
647429768755,,,Awaiting OnBuy go-live (created earlier - listing not yet up
739364511128,,,Awaiting OnBuy go-live (created earlier - listing not yet up
744191755225,,,Awaiting OnBuy go-live (created earlier - listing not yet up
942058166430,,,Awaiting OnBuy go-live (created earlier - listing not yet up
991484687170,,,Awaiting OnBuy go-live (created earlier - listing not yet up
232949827794,,,Awaiting OnBuy go-live (created earlier - listing not yet up
309127233705,,,Synced
171149262311,,,Awaiting OnBuy go-live (created earlier - listing not yet up
332451345585,,,Awaiting OnBuy go-live (created earlier - listing not yet up
272675804324,,,Awaiting OnBuy go-live (created earlier - listing not yet up
861952598034,,,Awaiting OnBuy go-live (created earlier - listing not yet up
301390629827,,,Awaiting OnBuy go-live (created earlier - listing not yet up
759571547833,,,Awaiting OnBuy go-live (created earlier - listing not yet up
648591427921,,,Awaiting OnBuy go-live (created earlier - listing not yet up
783605759817,,,Awaiting OnBuy go-live (created earlier - listing not yet up
106175642042,,,Synced
619613265975,,,Awaiting OnBuy go-live (created earlier - listing not yet up
647043267252,,,Awaiting OnBuy go-live (created earlier - listing not yet up
255957385117,,,Awaiting OnBuy go-live (created earlier - listing not yet up
233249164152,,,Awaiting OnBuy go-live (created earlier - listing not yet up
881675815843,,,Awaiting OnBuy go-live (created earlier - listing not yet up
190746930553,,,Awaiting OnBuy go-live (created earlier - listing not yet up
875079610982,,,Awaiting OnBuy go-live (created earlier - listing not yet up
671473295578,,,Awaiting OnBuy go-live (created earlier - listing not yet up
272376630024,,,Awaiting OnBuy go-live (created earlier - listing not yet up
904149102802,,,Awaiting OnBuy go-live (created earlier - listing not yet up
968720221986,,,Awaiting OnBuy go-live (created earlier - listing not yet up
377660650877,,,Awaiting OnBuy go-live (created earlier - listing not yet up
473531693872,,,Synced
233675929608,,,Awaiting OnBuy go-live (created earlier - listing not yet up
293343574240,,,Awaiting OnBuy go-live (created earlier - listing not yet up
276530435524,,,Awaiting OnBuy go-live (created earlier - listing not yet up
410913801005,,,Awaiting OnBuy go-live (created earlier - listing not yet up
965603870965,,,Awaiting OnBuy go-live (created earlier - listing not yet up
357422912887,,,Awaiting OnBuy go-live (created earlier - listing not yet up
240829669945,,,Awaiting OnBuy go-live (created earlier - listing not yet up
175878951614,,,Awaiting OnBuy go-live (created earlier - listing not yet up
202212161801,,,Awaiting OnBuy go-live (created earlier - listing not yet up
331543544387,,,Awaiting OnBuy go-live (created earlier - listing not yet up
259673883797,,,Synced
491983930369,,,Awaiting OnBuy go-live (created earlier - listing not yet up
634096550646,,,Awaiting OnBuy go-live (created earlier - listing not yet up
916437219123,,,Awaiting OnBuy go-live (created earlier - listing not yet up
680319589542,,,Awaiting OnBuy go-live (created earlier - listing not yet up
829787418163,,,Awaiting OnBuy go-live (created earlier - listing not yet up
690269590307,,,Awaiting OnBuy go-live (created earlier - listing not yet up
355312223273,,,Awaiting OnBuy go-live (created earlier - listing not yet up
855039293196,,,Awaiting OnBuy go-live (created earlier - listing not yet up
817166208450,,,Awaiting OnBuy go-live (created earlier - listing not yet up
187564700888,,,Awaiting OnBuy go-live (created earlier - listing not yet up
936250342792,,,Awaiting OnBuy go-live (created earlier - listing not yet up
232672087250,,,Awaiting OnBuy go-live (created earlier - listing not yet up
705385457332,,,Awaiting OnBuy go-live (created earlier - listing not yet up
213343753360,,,Awaiting OnBuy go-live (created earlier - listing not yet up
536644034359,,,Awaiting OnBuy go-live (created earlier - listing not yet up
862467609482,,,Awaiting OnBuy go-live (created earlier - listing not yet up
992765298498,,,Awaiting OnBuy go-live (created earlier - listing not yet up
988631236794,,,Awaiting OnBuy go-live (created earlier - listing not yet up
916017176891,,,Awaiting OnBuy go-live (created earlier - listing not yet up
247833094275,,,Awaiting OnBuy go-live (created earlier - listing not yet up
944458523097,,,Awaiting OnBuy go-live (created earlier - listing not yet up
916532606354,,,Awaiting OnBuy go-live (created earlier - listing not yet up
112862433435,,,Awaiting OnBuy go-live (created earlier - listing not yet up
476971656599,,,Awaiting OnBuy go-live (created earlier - listing not yet up
189320074493,PXM5X9X,,Awaiting OnBuy go-live (created earlier - listing not yet up
300557701314,,,Awaiting OnBuy go-live (created earlier - listing not yet up
119580742559,,,Awaiting OnBuy go-live (created earlier - listing not yet up
366310294721,,,Awaiting OnBuy go-live (created earlier - listing not yet up
422928750209,,,Awaiting OnBuy go-live (created earlier - listing not yet up
282725962911,,,Awaiting OnBuy go-live (created earlier - listing not yet up
313795517678,,,Awaiting OnBuy go-live (created earlier - listing not yet up
683987287390,,,Awaiting OnBuy go-live (created earlier - listing not yet up
795521434655,,,Awaiting OnBuy go-live (created earlier - listing not yet up
705866080417,,,Awaiting OnBuy go-live (created earlier - listing not yet up
930336198945,,,Awaiting OnBuy go-live (created earlier - listing not yet up
443790180673,,,Awaiting OnBuy go-live (created earlier - listing not yet up
456996384134,,,Awaiting OnBuy go-live (created earlier - listing not yet up
804109178994,,,Awaiting OnBuy go-live (created earlier - listing not yet up
125803044119,,,Awaiting OnBuy go-live (created earlier - listing not yet up
890641066844,,,Awaiting OnBuy go-live (created earlier - listing not yet up
790755422126,,,Awaiting OnBuy go-live (created earlier - listing not yet up
672560267270,,,Awaiting OnBuy go-live (created earlier - listing not yet up
237678832125,,,Awaiting OnBuy go-live (created earlier - listing not yet up
471906975226,PXM5XZN,,Awaiting OnBuy go-live (created earlier - listing not yet up
769926704521,,,Awaiting OnBuy go-live (created earlier - listing not yet up
775879457346,,,Awaiting OnBuy go-live (created earlier - listing not yet up
618106448093,,,Awaiting OnBuy go-live (created earlier - listing not yet up
220486267340,,,Awaiting OnBuy go-live (created earlier - listing not yet up
220674811263,,,Awaiting OnBuy go-live (created earlier - listing not yet up
221189252718,,,Awaiting OnBuy go-live (created earlier - listing not yet up
237412589926,PY5J2T8,6a92efc936d13ada140a34f6,Awaiting OnBuy go-live (created earlier - listing not yet up
