sku,price,stock,condition,opc,gtin,date_last_created,product_title,suspended_reason,category,"brand ID","brand name",winning_price,"GPSR Compliance Status","GPSR Non-Compliance Reason(s)","GPSR Last Check"
109346246346,0.00,0,New,PXGGMFS,0109346246346,"2026-07-28 10:49:34","1000W Electric Portable Hand Held Steam Steamer Cleaner & Accessories 2025 New","Price below minimum",14049,1,Unbranded,,,,,
984118996960,0.00,0,New,PXJKMMJ,984118996960,"2026-07-31 19:29:34","PU Wheelbarrow Wheel 14 inch 3.50-8 Puncture Proof Solid Heavy Duty Tyre Black","Price below minimum",28906,420109,Cisivis,,,,,
984084984497,0.00,0,New,PXJKMMK,984084984497,"2026-07-31 19:29:34","Expandable Magic Hose Garden Hose Pipe Anti Kink With 7 Function Water Spray Gun","Price below minimum",13953,1,Unbranded,,,,,
986218551032,0.00,0,New,PXJKN79,986218551032,"2026-07-31 19:30:28","Oscillating Lawn Sprinkler Watering Garden Pipe Hose Water Flow with 19 Jets","Price below minimum",8252,1,Unbranded,,,,,
979872314860,0.00,0,New,PXJNJQ7,979872314860,"2026-08-01 02:27:59","Cool Work Clogs Beach Clog Ladies Womens Sandals ShoesWinter UK Size 3-4-5-6-7-8","Price below minimum",6125,1,Unbranded,,,,,
981808329671,0.00,0,New,PXJNKBS,981808329671,"2026-08-01 02:29:09","Portable Folding Charcoal BBQ Grill Picnic Travel Camping Outdoor Barbecue Grill","Price below minimum",13922,1,Unbranded,,,,,
982040715468,0.00,0,New,PXJNKBY,982040715468,"2026-08-01 02:29:12","Water Sprinkler Garden Lawn Rotating or Oscillating Sprayer Grass Lawn Watering","Price below minimum",8252,1,Unbranded,,,,,
986638437787,0.00,0,New,PXJPWHS,986638437787,"2026-08-01 03:43:01","42V 2A Battery Charger Adapter for 36V 3 Pin Plug Hoverboard Swegway Scooter","Price below minimum",8692,1,Unbranded,,,,,
986685242549,0.00,0,New,PXJPWPR,986685242549,"2026-08-01 03:43:11","Karcher Snow Foam Lance Gun K2-K7 Cannon Car Pressure Washer Washing Bottle 1L","Price below minimum",11461,1,Unbranded,,,,,
988093075559,0.00,0,New,PXJPYYW,988093075559,"2026-08-01 03:46:07","Hose Spray Gun Kit Adjustable Nozzles Mist Car Wash Watering 8 Function Garden","Price below minimum",14049,1,Unbranded,,,,,
988221196279,0.00,0,New,PXJPZ9P,988221196279,"2026-08-01 03:46:42","UK PU 14"" BLACK Puncture Proof Solid 3.50-8 wheelbarrow wheel COMPLETE NEW","Price below minimum",14078,1,Unbranded,,,,,
995119976394,0.00,0,New,PXJRBS6,995119976394,"2026-08-01 05:12:24","HiFi Speakers and Stereo Amplifier with Bluetooth USB 6"" Home Audio Music System","Price below minimum",11486,219555,Vonyx,,,,,
997607365949,0.00,0,New,PXJRBXP,997607365949,"2026-08-01 05:15:27","Fenton SHFB55B HiFi Bookshelf Speakers with Bluetooth & 5"" Amplifier Home Audio","Price below minimum",11486,31487,Fenton,,,,,
998543574976,0.00,0,New,PXJRCSH,998543574976,"2026-08-01 05:16:42","VONYX SL6 Speakers & AV340 Amplifier Mixer System with Microphone - DJ Ready","Price below minimum",17838,219555,Vonyx,,,,,
975804589528,0.00,0,New,PXK6QD9,975804589528,"2026-08-01 21:11:50","DAB+ FM Portable Radio Alarm Clock Bluetooth - Azatom Muliplex D20 Oak","Price below minimum",9336,230752,AZATOM,,,,,
481899689178,0.00,0,New,PXK7KRX,481899689178,"2026-08-01 22:50:24","AOC AGON U27G4R 27"" IPS Dual-Mode 4K at 160Hz Full HD at 320Hz Gaming Mon U27G4R","Price below minimum",11652,3348,AOC,,,,,
689486255977,0.00,0,New,PXK7KRY,689486255977,"2026-08-01 22:50:26","AOC Q27B36X 27"" IPS QHD 144Hz 0.5ms Gaming Monitor Q27B36X","Price below minimum",6539,3348,AOC,,,,,
601475774030,0.00,0,New,PXK7KSX,601475774030,"2026-08-01 22:51:57","LG UltraGear 27GS60QC 27"" VA QHD 180Hz 1ms Curved Gaming Monitor 27GS60QC-B.AEKQ","Price below minimum",16080,1399,LG,,,,,
419120291982,0.00,0,New,PXK7KSY,419120291982,"2026-08-01 22:52:11","Acer KB272P0 27"" VA Full HD 144Hz 1ms Monitor UM.HK2EE.018","Price below minimum",11628,2800,Acer,,,,,
812649153289,0.00,0,New,PXK7KT9,812649153289,"2026-08-01 22:52:54","Acer Nitro KG241YX3bip 24"" VA Full HD 200Hz 0.5MS Gaming Monitor UM.QX1EE.315","Price below minimum",6539,2800,Acer,,,,,
872422118409,0.00,0,New,PXK7KTC,872422118409,"2026-08-01 22:53:00","Entity Book Targa Intel Celeron 4GB RAM 128GB SSD 11.6 Inch Windows 11 22011101","Price below minimum",2721,25353,Entity,,,,,
680805175365,0.00,0,New,PXK7KW9,680805175365,"2026-08-01 22:54:06","Acer KA272 P6 27"" IPS Full HD 144Hz Monitor UM.HX2EE.605","Price below minimum",6539,2800,Acer,,,,,
650298828123,0.00,0,New,PXK7KY7,650298828123,"2026-08-01 22:54:27","Alienware AW2724DM 27"" IPS QHD 165Hz 1ms Gaming Monitor GAME-AW2724DM","Price below minimum",28793,65908,Alienware,,,,,
695817443128,0.00,0,New,PXK7KZQ,695817443128,"2026-08-01 22:55:19","Alienware AW2725DM 27"" IPS QHD 180Hz Gaming Monitor GAME-AW2725DM","Price below minimum",28793,65908,Alienware,,,,,
239972833310,0.00,0,New,PXK7M27,239972833310,"2026-08-01 22:55:52","2-Power USB-C DP1.2 Triple Display Mini Docking Station DOC0118A","Price below minimum",28793,3184,2-Power,,,,,
436855107135,0.00,0,New,PXK7M2P,436855107135,"2026-08-01 22:56:08","Dell Pro Wireless Keyboard and Mouse Combo Black KM5221WBKB-UK","Price below minimum",30882,1378,Dell,,,,,
690711152336,0.00,0,New,PXK7M52,690711152336,"2026-08-01 22:56:54","DrayTek V2763-K Vigor 2763 wired VDSL and Ethernet Router V2763-K","Price below minimum",8451,3179,Draytek,,,,,
275434002757,0.00,0,New,PXK7M5M,275434002757,"2026-08-01 22:57:26","HP B200 PC Mounting Bracket - Black 762T5AA","Price below minimum",8743,3575,"Hewlett Packard",,,,,
312943979023,0.00,0,New,PXM5PTY,0312943979023,"2026-08-03 11:51:13","HP OfficeJet Pro 8125e A4 Colour Multifunction Inkjet Printer with HP+ and 3","Price below minimum",15720,1393,HP,,,,,
334012089280,0.00,0,New,PXM5PWX,0334012089280,"2026-08-03 11:51:17","HP 320MK Wired Desktop Mouse and Keyboard Combo (For Business)","Price below minimum",8393,1393,HP,,,,,
341482933098,0.00,0,New,PXM5PWY,0341482933098,"2026-08-03 11:51:17","HyperX CloudX Stinger 2 Core Gaming Headsets Xbox White","Price below minimum",26830,1393,HP,,,,,
335024859946,0.00,0,New,PXM5PX5,0335024859946,"2026-08-03 11:51:18","HP Keyboard Wired 150","Price below minimum",8394,1393,HP,,,,,
727112987417,0.00,0,New,PXM5QPH,0727112987417,"2026-08-03 11:52:03","electriQ 60cm Dual Fuel Cooker - Black EQDFSC60BKv1","Price below minimum",13833,224195,Electriq,,,,,
897092461273,0.00,0,New,PXM5R89,0897092461273,"2026-08-03 11:52:38","Large Black Bread Bin For Kitchen Vintage Retro Metal Tin and Container with Lid","Price below minimum",13847,50200,"Andrew James",,,,,
903459726456,0.00,0,New,PXM5R8S,0903459726456,"2026-08-03 11:52:40","Milk Frothing Jug Latte Art Pitcher Barista Coffee Milk Jug Metal Steaming Cup","Price below minimum",22325,50200,"Andrew James",,,,,
924323038512,0.00,0,New,PXM5R9Z,0924323038512,"2026-08-03 11:52:43","12V Electric Cordless Grass Trimmer Strimmer Garden Edger Cutter with 2 Battery","Price below minimum",25134,420109,Cisivis,,,,,
928714306907,0.00,0,New,PXM5RBJ,0928714306907,"2026-08-03 11:52:44","15M Titanium Black Heat Wrap Tape Exhaust Insulating Downpipe Manifold + 10 Ties","Price below minimum",10714,1,Unbranded,,,,,
948131312008,0.00,0,New,PXM5RCH,0948131312008,"2026-08-03 11:52:46","1500W 125mm Electric Angle Grinder Cutting Grinding Sand Power Tool +7 Discs Kit","Price below minimum",18187,420109,Cisivis,,,,,
641276093084,0.00,0,New,PXM5RMK,0641276093084,"2026-08-03 11:53:22","LOEFME 1.4L Ice Maker Machine Countertop Self Cleaning 12kg/24h Bullet Ice Maker","Price below minimum",4813,282282,loefme,,,,,
641249109293,0.00,0,New,PXM5RMR,0641249109293,"2026-08-03 11:53:22","1.4L Countertop Ice Maker Portable Ice Cube Machine with Self-Cleaning 12KG/24H","Price below minimum",13870,282282,loefme,,,,,
654761847550,0.00,0,New,PXM5RMW,0654761847550,"2026-08-03 11:53:22","Powerful 52cc Petrol Grass Trimmer Garden Strimmer 3T Steel Cutter Grass Line","Price below minimum",5026,587808,CONENTOOL,,,,,
852034986580,0.00,0,New,PXM5SS9,0852034986580,"2026-08-03 11:54:51","XGODY 718 7'' Bluetooth Sat Nav GPS Navigation for Car Truck HGV LGV UK & EU Map","Price below minimum",11570,5521,XGODY,,,,,
867821671266,0.00,0,New,PXM5SSS,0867821671266,"2026-08-03 11:54:52","7"" For Ford Transit Mk7 Car Stereo Radio Head Unit 64G GPS Navi WIFI with Camera","Price below minimum",11578,761330,ESSGOO,,,,,
866788596568,0.00,0,New,PXM5SSX,0866788596568,"2026-08-03 11:54:53","For Dacia Sandero Logan MK2 2012-2020 Car Stereo Radio CarPlay GPS Sat Navi +Cam","Price below minimum",11738,761330,ESSGOO,,,,,
873309436180,0.00,0,New,PXM5ST6,0873309436180,"2026-08-03 11:54:53","NOVSIGHT 2x H11 H9 H8 LED Headlight Bulbs High Low Beam 15000LM 6500K Cold White","Price below minimum",10725,93082,NOVSIGHT,,,,,
873441769016,0.00,0,New,PXM5STH,0873441769016,"2026-08-03 11:54:53","3in1 52cc Petrol Strimmer Grass Trimmer 2500W Brush Cutter 1.2L Tank 25:1 26mm","Price below minimum",5026,587808,CONENTOOL,,,,,
877453371625,0.00,0,New,PXM5SVD,0877453371625,"2026-08-03 11:54:54","USB Wireless CarPlay Adapter For iPhone Apple Wireless Carplay Dongle Plug &Play","Price below minimum",8456,761330,ESSGOO,,,,,
893354797654,0.00,0,New,PXM5SX8,0893354797654,"2026-08-03 11:54:56","10.25"" Car Stereo Carplay for Benz C GLC V Class W205 W447 2015-2018 NTG5.0/5.1","Price below minimum",11738,761330,ESSGOO,,,,,
896523654000,0.00,0,New,PXM5SYC,0896523654000,"2026-08-03 11:54:57","Upgrade 10.25"" 6+128GB Car Stereo GPS for BMW 3er F30 F31 NBT with Backup Camera","Price below minimum",10859,761330,ESSGOO,,,,,
744882098846,0.00,0,New,PXM5VHT,0744882098846,"2026-08-03 11:56:57","Karcher WV2 500ml Glass Window Cleaner & 2 x Window Vac Cleaning Cloth Pads","Price below minimum",7864,17069,Kärcher,,,,,
120116183609,0.00,0,New,PXM5VQN,0120116183609,"2026-08-03 11:57:09","Cordless Window Cleaner Rechargeable Vacuum Machine Kit w/ Squeegee Brush Spray","Price below minimum",7864,1,Unbranded,,,,,
131427606879,0.00,0,New,PXM5VQT,0131427606879,"2026-08-03 11:57:10","2Pcs Solar Lanterns Waterproof Metal Hanging Solar Lights Garden Outdoor Decor","Price below minimum",9663,146963,Unbranded/Generic,,,,,
205939804051,0.00,0,New,PXM5VSF,0205939804051,"2026-08-03 11:57:13","2 IN 1 Pole Chainsaw Cordless Long Reach Cutter Pruner Saw 2 Batteries + Charger","Price below minimum",11558,1,Unbranded,,,,,
233332303123,0.00,0,New,PXM5VV9,0233332303123,"2026-08-03 11:57:17","24L Portable Toilet Flushing Chemical Toilet Potty Camping Caravan Easy Clear","Price below minimum",12312,1,Unbranded,,,,,
304445257280,0.00,0,New,PXM5VXF,0304445257280,"2026-08-03 11:57:21","Note Counter Machine Money Currency Banknote Counting Detector Cash Bill","Price below minimum",14047,1,Unbranded,,,,,
445758270983,0.00,0,New,PXM5W2X,0445758270983,"2026-08-03 11:57:28","Masking Paint Tape Applicator Set, 25mm Width Blue Painter Tape Dispenser Tool","Price below minimum",18265,1,Unbranded,,,,,
601425962821,0.00,0,New,PXM5W5P,0601425962821,"2026-08-03 11:57:30","Portable White Noise Sound Machine Sleep Adults Children RGB Light 20 Sounds UK","Price below minimum",10377,1,Unbranded,,,,,
861810487944,0.00,0,New,PXM5WCM,0861810487944,"2026-08-03 11:57:40","Bed Assist Rail Grab Bar Bedside Handrail for Senior Disabled w/ Storage Pocket","Price below minimum",13540,1,Unbranded,,,,,
899802569538,0.00,0,New,PXM5WDD,0899802569538,"2026-08-03 11:57:42","Pressure Washer Snow Foam Cannon Lance Gun Quick Release Foam Cannon Bottle","Price below minimum",11461,1,Unbranded,,,,,
912718089379,0.00,0,New,PXM5WF2,0912718089379,"2026-08-03 11:57:44","2X ADJUSTABLE DRYWALL PLASTERBOARD BUILDER CEILING EASY SUPPORT PROPS 115-290CM","Price below minimum",13146,1,Unbranded,,,,,
990705058201,0.00,0,New,PXM5WGV,0990705058201,"2026-08-03 11:57:47","Desk Portable Laptop Tray Stand 58*30cm Mouse Pad Telephone Holder Lightweight","Price below minimum",11645,1,Unbranded,,,,,
992617759863,0.00,0,New,PXM5WH6,0992617759863,"2026-08-03 11:57:48","20 Slot Trading Card Sorting Tray Dealer Storage Compartments Black Pokemon TCG","Price below minimum",11339,1,Unbranded,,,,,
100580213187,0.00,0,New,PXM5WHT,0100580213187,"2026-08-03 11:57:49","Pro A4 Paper Cutter Safety Guard Trimmer Home Office Desk Guillotine Machine UK","Price below minimum",9675,1,Unbranded,,,,,
115608385722,0.00,0,New,PXM5WHY,0115608385722,"2026-08-03 11:57:50","96PCS Heavy Duty Tyre Puncture Repair Tool Set Tire Mending Kit Car Motorbike UK","Price below minimum",10601,1,Unbranded,,,,,
169258944884,0.00,0,New,PXM5WJJ,0169258944884,"2026-08-03 11:57:51","Stereo Bass Bluetooth Computer Speakers Aux Speaker Subwoofer For TV Laptop PC","Price below minimum",2726,285950,UKing,,,,,
170643732962,0.00,0,New,PXM5WJP,0170643732962,"2026-08-03 11:57:51","Portable Desktop Subwoofer Bluetooth Speaker Bass Loudspeaker For Laptop Tablet","Price below minimum",11497,1,Unbranded,,,,,
156445835131,0.00,0,New,PXM5WJZ,0156445835131,"2026-08-03 11:57:52","New Pack For 4 Pcs Philips Sonicare W Optimal Replacement Toothbrush Head Black","Price below minimum",10250,27403,"Philips Sonicare",,,,,
175186533564,0.00,0,New,PXM5WKJ,0175186533564,"2026-08-03 11:57:53","Lamp Night Light Dimmable Touch Control USB Rechargeable Bedside NEW","Price below minimum",8698,1,Unbranded,,,,,
243696293459,0.00,0,New,PXM5WMZ,0243696293459,"2026-08-03 11:57:56","1100 GPH 12V Marine Boat Bilge Water Pump Submersible for Yacht RV SPA Pool","Price below minimum",9738,1,Unbranded,,,,,
351669824620,0.00,0,New,PXM5WQ9,0351669824620,"2026-08-03 11:58:01","K-18 Anti-Spy Sneak/Shot Block Listen/Radio-Hidden Camera Bug GPS RF Detector UK","Price below minimum",11559,1,Unbranded,,,,,
353260835104,0.00,0,New,PXM5WQF,0353260835104,"2026-08-03 11:58:01","LED USB Wired Loudspeaker Sound Bar TV Computer USB For Desktop Tablets Speakers","Price below minimum",3238,1,Unbranded,,,,,
366373758178,0.00,0,New,PXM5WQJ,0366373758178,"2026-08-03 11:58:01","Automatic Electric Rice Cooker Pot Warmer Warm Cook Non Stick Spatula Mini-1L UK","Price below minimum",13885,1,Unbranded,,,,,
370094834752,0.00,0,New,PXM5WQT,0370094834752,"2026-08-03 11:58:03","Computer Speakers PC SoundBar Gaming Speakers for PC Computer Laptop Desktop","Price below minimum",3238,1,Unbranded,,,,,
369925421384,0.00,0,New,PXM5WQZ,0369925421384,"2026-08-03 11:58:03","2-Layer Metal Wire Fruit Basket Vegetable Portable Storage Holder Kitchen Rack","Price below minimum",6454,1,Unbranded,,,,,
453676587212,0.00,0,New,PXM5WSN,0453676587212,"2026-08-03 11:58:07","2PCS 6M Nano Magic Tape - Strong Clear Double-Sided Removable Washable Adhesive","Price below minimum",10636,1,Unbranded,,,,,
453684592932,0.00,0,New,PXM5WSP,0453684592932,"2026-08-03 11:58:07","1L Electric Rice Cooker Non Stick Removable Bowl and Keep Warm Function Catering","Price below minimum",13873,1,Unbranded,,,,,
644862593036,0.00,0,New,PXM5WV2,0644862593036,"2026-08-03 11:58:10","Mpow Wireless Headset Computer Headphones MIC For Laptop Call Center Earphones","Price below minimum",20171,12297,Mpow,,,,,
642912535319,0.00,0,New,PXM5WTZ,0642912535319,"2026-08-03 11:58:10","2-Layer Data Cable Storage Box 7-Compartment Data Tidy Cable Management Organize","Price below minimum",8512,1,Unbranded,,,,,
665201426372,0.00,0,New,PXM5WVF,0665201426372,"2026-08-03 11:58:10","Portable Bluetooth Speakers MP3 with Remote FM MIC Heavy Bass Karaoke","Price below minimum",11469,1,Unbranded,,,,,
860939163234,0.00,0,New,PXM5X2F,0860939163234,"2026-08-03 11:58:33","LED Desk Lamp Eye-Caring Adjustable Black Swing Arm Table Light with Clamp UK","Price below minimum",11397,1,Unbranded,,,,,
859513339844,0.00,0,New,PXM5X2M,0859513339844,"2026-08-03 11:58:34","Mini Soundbar Wired Computer Sound Bar Speakers USB Powered for Desktop Laptop","Price below minimum",33132,1,Unbranded,,,,,
871944701687,0.00,0,New,PXM5X2W,0871944701687,"2026-08-03 11:58:34","32"" TV PC Soundbar Portable Bluetooth Speakers 10Wx2 Surround Sound Subwoofer","Price below minimum",24660,1,Unbranded,,,,,
900058857604,0.00,0,New,PXM5X5T,0900058857604,"2026-08-03 11:58:37","Portable Desktop Subwoofer Bluetooth Speaker Bass Loudspeaker For Laptop Tablet","Price below minimum",11570,1,Unbranded,,,,,
936213123475,0.00,0,New,PXM5X6H,0936213123475,"2026-08-03 11:58:40","LED Wall Clock Digital Desk Clock with Calendar Temperature 13"" Large Home Clock","Price below minimum",7725,1,Unbranded,,,,,
131196141892,0.00,0,New,PXM5X8V,0131196141892,"2026-08-03 11:58:50","900000LM Super Bright Waterproof Searchlight LED Spotlight Handheld Flashlight","Price below minimum",9658,1,Unbranded,,,,,
158247255933,0.00,0,New,PXM5X97,0158247255933,"2026-08-03 11:58:51","Smart Electronic Fingerprint Door Lock Keypad APP Home Security Lock Waterproof","Price below minimum",11571,285950,UKing,,,,,
227470237792,0.00,0,New,PXM5XBT,0227470237792,"2026-08-03 11:58:57","Smart Fingerprint Door Lock Electronic Digital Password Key Card Handle Tuya APP","Price below minimum",13098,1,Unbranded,,,,,
313964102667,0.00,0,New,PXM5XDJ,0313964102667,"2026-08-03 11:59:39","2PCS Digital Hearing Aids Noise Cancellation Volume Control Elderly Hearing Loss","Price below minimum",7413,1,Unbranded,,,,,
413113171404,0.00,0,New,PXM5XGQ,0413113171404,"2026-08-03 11:59:46","1080P Action Camera WiFi Camcorder DV Sports Cam Waterproof 30M Sports DV Camera","Price below minimum",14892,146963,Unbranded/Generic,,,,,
604745662983,0.00,0,New,PXM5XJT,0604745662983,"2026-08-03 11:59:56","2x Digital Rechargeable Hearing Aid For Elderly Hearing Loss With Charging Case","Price below minimum",7413,1,Unbranded,,,,,
906387179059,0.00,0,New,PXM5XTB,0906387179059,"2026-08-03 12:00:44","Upgraded LCD Full HD Action Camera Sports Cam Underwater 30M Camcorder DV DVR","Price below minimum",14892,285950,UKing,,,,,
934877343758,0.00,0,New,PXM5XTZ,0934877343758,"2026-08-03 12:00:48","Smart Door Lock Digital Fingerprint Touch Code Password Security Lock Anti-theft","Price below minimum",10519,1,Unbranded,,,,,
330556274861,0.00,0,New,PXM5XYQ,0330556274861,"2026-08-03 12:01:09","Garden Sound System - 4 x BD50W White Wall Speakers with Bluetooth Amplifier","Price below minimum",7694,31442,"Power Dynamics",,,,,
333057909355,0.00,0,New,PXMJPMD,333057909355,"2026-08-03 19:36:41","Set Of 3 Glass Tea Coffee Sugar Jars Canisters with Bamboo Lids Kitchen Storage","Price below minimum",17951,1,Unbranded,,,,,
255908576649,0.00,0,New,PXMJQQV,255908576649,"2026-08-03 19:46:06","3 Pack Vegetable Storage Tins – Stackable White Round Metal Canisters for Potato","Price below minimum",35181,61705,Trendi,,,,,
820850590953,0.00,0,New,PXP6J95,820850590953,"2026-08-06 18:53:59","MTB Bicycle Bike Waterproof Cycling Front Headlight USB Rechargeable LED Light","Price below minimum",6608,1,Unbranded,,,,,
233421714731,0.00,0,New,PXPD6HP,233421714731,"2026-08-07 05:50:48","Quad Lock MAG Mobile Phone Case - iPhone 17 - New","Price below minimum",3340,32702,"Quad Lock",,,,,
320531835828,0.00,0,New,PXPD6KB,320531835828,"2026-08-07 05:51:16","Powerful Rechargeable LED Bike Light USB MTB Waterproof Cycle Front Headlight UK","Price below minimum",6608,1,Unbranded,,,,,
778154519739,0.00,0,New,PXPGH78,778154519739,"2026-08-07 08:06:47","AOC Q27B3MA 27"" VA QHD Frameless Monitor Q27B3MA","Price below minimum",17558,3348,AOC,,,,,
443327123555,0.00,0,New,PXPMV9Y,443327123555,"2026-08-07 14:43:01","Power Dynamics PD800 Wireless In Ear Monitor System UHF for Musicians","Price below minimum",17838,31442,"Power Dynamics",,,,,
189836640694,0.00,0,New,PXQ2CTT,189836640694,"2026-08-08 14:07:41","6000W Portable Party Bluetooth Speaker Sub Woofer Heavy Bass Sound SpeakerSystem","Price below minimum",7694,1,Unbranded,,,,,
191182693446,0.00,0,New,PXQ2CXH,191182693446,"2026-08-08 14:09:14","2K Window Security Camera 3MP Full Color Night Vision WiFi 2.4/5GHz Indoor Mount","Price below minimum",5532,1,Unbranded,,,,,
204754743026,0.00,0,New,PXQSTXN,204754743026,"2026-08-11 00:35:04","Air Purifiers For Large Room Medical Grade HEPA Air Purifier Smoke Odor Pet Home","Price below minimum",4739,1,Unbranded,,,,,
204796221872,0.00,0,New,PXQT6YT,204796221872,"2026-08-11 04:30:44","Air Purifier with 4 in 1 Medical Grade H13 Hepa and Carbon Filter & Ioniser","Price below minimum",4739,1,Unbranded,,,,,
193345329322,0.00,0,New,PXR6T99,193345329322,"2026-08-11 20:25:06","Fast Charging 10000mAh Solar Power Bank with Dual USB Ports & Flashlights","Price below minimum",9278,1,Unbranded,,,,,
210295316278,0.00,0,New,PXR87HJ,210295316278,"2026-08-12 00:24:00","3.5mm Microphone Computer Condenser Recording Gaming Microphone For Laptop PC UK","Price below minimum",17834,1,Unbranded,,,,,
219821262423,0.00,0,New,PXYD7YS,219821262423,"2026-08-22 14:25:13","TCL 43SF560-UK 43 Inch QLED Full HD Smart TV Bluetooth WiFi","Price below minimum",14934,140929,TCL,,,,,
219884143998,0.00,0,New,PXYD7YX,219884143998,"2026-08-22 14:25:19","NEW 43 Inch Android Smart TV WIFI Google Assistant HDMI Full HD","Price below minimum",14934,1223580,Flame,,,,,
219978880709,0.00,0,New,PXYD7ZN,219978880709,"2026-08-22 14:25:20","NEW 32 Inch HD TV DVB-T2/S2 HDMI/USB/RF/AV/EARPHONES","Price below minimum",20169,1232307,Synerg-i,,,,,
220069664924,0.00,0,New,PXYD7ZT,220069664924,"2026-08-22 14:25:22","MSI CMS Pro MP275W E2 Full HD 27 Inches Monitor White","Price below minimum",6539,1233027,"MSI CMS",,,,,
222196281234,0.00,0,New,PXZ557N,222196281234,"2026-08-24 21:42:02","Automatic 1.2L Ice Maker Countertop Machine Ice Cube Maker with Self-Cleaning UK","Price below minimum",13870,282282,loefme,,,,,
222726697801,0.00,0,New,PXZ557Y,222726697801,"2026-08-24 21:42:06","TV Stick Android 14.0 8K Ultra HD Streaming Media Player Blue-tooth Voice Remote","Price below minimum",3271,1,Unbranded,,,,,
222757473993,0.00,0,New,PXZ557Z,222757473993,"2026-08-24 21:42:07","TCL 75T6C-UK 75 Inch QLED 4K Ultra HD Smart TV Bluetooth WiFi","Price below minimum",14934,140929,TCL,,,,,
222773378593,0.00,0,New,PXZ5582,222773378593,"2026-08-24 21:42:07","TCL 55T6C-UK 55 Inch QLED 4K Ultra HD Smart TV Bluetooth WiFi","Price below minimum",14934,140929,TCL,,,,,
222892119206,0.00,0,New,PXZ558H,222892119206,"2026-08-24 21:42:10","Cello CTRAV32TZ 32 inch Smart 12v TV TIZEN OS Samsung Plus Traveller Frameless","Price below minimum",11523,4111,Cello,,,,,
223294375115,0.00,0,New,PXZ55BY,223294375115,"2026-08-24 21:42:17","NEW 32 Inch HD TV DVB-T2/S2 HDMI/USB/RF/AV/EARPHONES","Price below minimum",20169,1232307,Synerg-i,,,,,
224243173363,0.00,0,New,PXZ55JR,224243173363,"2026-08-24 21:42:55","Bluetooth 5.4 Wireless Earbuds TWS Noise Cancelling Bass Earphones USB-C Headset","Price below minimum",8456,1,Unbranded,,,,,
224612075236,0.00,0,New,PXZ55MP,224612075236,"2026-08-24 21:43:13","B Grade Gaming Chair Massage Ergonomic PC Computer Chair Height Adjustable Black","Price below minimum",8623,1,Unbranded,,,,,
225110475139,0.00,0,New,PXZY5RK,225110475139,"2026-08-26 08:53:40","220v Portable Power Station 100W Solar 5 Port Generator Outdoor Camping Home","Price below minimum",35285,1,Unbranded,,,,,
225150250161,0.00,0,New,PXZY5RN,225150250161,"2026-08-26 08:53:42","Portable Power Station 300W 298Wh Battery Pack Camping Charger Solar Generator","Price below minimum",35284,1,Unbranded,,,,,
225272446220,0.00,0,New,PXZY5RP,225272446220,"2026-08-26 08:53:46","3-in-1 Portable Wireless Espresso Coffee Maker Travel Machine For Car & Home New","Price below minimum",22325,1,Unbranded,,,,,
225283509433,0.00,0,New,PXZY5RQ,225283509433,"2026-08-26 08:53:48","Wireless Game Controller For Xbox One ,Xbox Seris S ,Xbox Series X Console","Price below minimum",28795,1,Unbranded,,,,,
225298846059,0.00,0,New,PXZY5RR,225298846059,"2026-08-26 08:53:48","Retro Game Console Plug&Play 20000+ 4K Video Game Stick +2x Wireless Controllers","Price below minimum",28795,1,Unbranded,,,,,
225357055620,0.00,0,New,PXZY5RS,225357055620,"2026-08-26 08:53:49","20000+ Retro Video Game Console 4K HD TV Game Stick Ink.2 Wireless Controller UK","Price below minimum",28795,1,Unbranded,,,,,
225432633224,0.00,0,New,PXZY5S8,225432633224,"2026-08-26 08:53:55","Multi‑Region DVD Player TV, Supports CD VCD RW Disc, USB Jack & Remote Control","Price below minimum",9357,1,Unbranded,,,,,
225529224533,0.00,0,New,PXZY5S9,225529224533,"2026-08-26 08:53:56","Dvd Player Multi Region HDMI USB HD 1080p Soun Decoder AV Cable Remote Control","Price below minimum",12829,1,Unbranded,,,,,
225573625485,0.00,0,New,PXZY5SC,225573625485,"2026-08-26 08:53:58","Multi Function DVD Player TV All Region Free Mini CD VCD MP3 W/AV Cable UK","Price below minimum",3235,1,Unbranded,,,,,
225739001863,0.00,0,New,PXZY5SD,225739001863,"2026-08-26 08:53:58","Region Free DVD Player for TV with USB Port and Remote Control All Code UK","Price below minimum",12829,1,Unbranded,,,,,
225740711843,0.00,0,New,PXZY5SF,225740711843,"2026-08-26 08:54:00","1080P Region Free DVD Player HDMI + Remote & Audio Cable, CD MP3 Home TV Player","Price below minimum",11464,1,Unbranded,,,,,
225779198509,0.00,0,New,PXZY5SG,225779198509,"2026-08-26 08:54:01","600W Digital Power Amplifier AK-45 Home Stereo Audio Amp 2.0 Channel FM Radio","Price below minimum",11486,1,Unbranded,,,,,
225859273799,0.00,0,New,PXZY5SH,225859273799,"2026-08-26 08:54:02","135W For XBOX ONE Power Supply Brick Console AC Adapter UK Power Cable Charger","Price below minimum",11156,1,Unbranded,,,,,
225930574272,0.00,0,New,PXZY5SJ,225930574272,"2026-08-26 08:54:04","CD Player-- Home Desktop CD Player with Speakers CD Players Bluetooth with USB","Price below minimum",11469,1,Unbranded,,,,,
